,_id,add_date,beat_date,complete_date,dlc,game_hours,game_minutes,game_notes,game_status,game_system,game_title,genre,now_playing,playtime_calc,start_date,sub_title
0,6007bab2a5cefca6c9947da4,,,,Y,,,,Beaten,360,Call of Duty: Black Ops,FPS,N,,,First Strike
1,6007bab2a5cefca6c9947dc9,,,,Y,,,,Completed,PS4,DRIVECLUB,Racing,N,,,Sakura
2,6007bab2a5cefca6c9947da8,,,,Y,,,,Completed,360,DiRT 3,Racing,N,,,Mud and Guts Car Pack
3,6007bab2a5cefca6c9947dca,,,,Y,,,,Completed,PS4,DRIVECLUB,Racing,N,,,Torque
4,6007bab2a5cefca6c9947db3,,,,Y,,,,Beaten,PS4,RESOGUN,Shoot 'em up,N,,,Construction Kit
5,6007bab2a5cefca6c9947dad,,,,Y,,,,Beaten,XBLA,Trials Evolution,Racing,N,,,Riders of Doom
6,6007bab2a5cefca6c9947da1,,,,Y,,,DELUXE.,Beaten,PC,RollerCoaster Tycoon,Simulation,N,,,Corkscrew Follies
7,6007bab2a5cefca6c9947db7,,,,Y,,,Came with DiRT Humble Bundle. Never going to play. :P,Infinite,Steam,Overlord,Action RPG,N,,,Raising Hell
8,6007bab2a5cefca6c9947db6,,,,Y,,,,Beaten,PS4,Trials Fusion,Racing,N,,,Riders of the Rustlands
9,6007bab2a5cefca6c9947dcb,,,,Y,,,,Completed,PS4,DRIVECLUB,Racing,N,,,Turbocharged
10,6007bab2a5cefca6c9947dcc,,,,Y,,,,Completed,PS4,DRIVECLUB,Racing,N,,,Unite In Speed
11,6007bab2a5cefca6c9947dd1,2018-04-28 16:00:00,2018-05-30 16:00:00,2018-05-30 16:00:00,Y,,,,Completed,PS4,Burnout Paradise Remastered,Racing,N,,2018-05-27 16:00:00,Bikes Pack
12,6007bab2a5cefca6c9947dd0,2018-04-28 16:00:00,2018-05-27 16:00:00,2018-05-27 16:00:00,Y,,,,Completed,PS4,Burnout Paradise Remastered,Racing,N,,2018-05-20 16:00:00,Big Surf Island
13,6007bab2a5cefca6c9947dce,,,,Y,,,,Completed,PS4,Peggle 2,Puzzle,N,,,Jimmy Lightning Master Pack
14,6007bab2a5cefca6c9947dcf,,,,Y,,,,Completed,PS4,Peggle 2,Puzzle,N,,,Windy the Fairy Master Pack
15,6007bab2a5cefca6c9947dcd,,,,Y,,,,Completed,PS4,DRIVECLUB,Racing,N,,,Velocity
16,6007bab2a5cefca6c9947dc1,,,,Y,,,Too easy.,Completed,PS4,DRIVECLUB,Racing,N,,,Ignition
17,6007bab2a5cefca6c9947dd3,2018-04-28 16:00:00,2018-05-13 16:00:00,2018-05-20 16:00:00,Y,,,,Completed,PS4,Burnout Paradise Remastered,Racing,N,,2018-05-13 16:00:00,Cagney Update
18,6007bab2a5cefca6c9947dd2,2018-04-28 16:00:00,2018-05-27 16:00:00,2018-05-27 16:00:00,Y,,,,Completed,PS4,Burnout Paradise Remastered,Racing,N,,2018-05-27 16:00:00,Boost Specials
19,6007bab2a5cefca6c9947dd4,2018-04-28 16:00:00,2018-05-19 16:00:00,2018-05-19 16:00:00,Y,,,,Completed,PS4,Burnout Paradise Remastered,Racing,N,,2018-05-19 16:00:00,Cops and Robbers
20,6007bab2a5cefca6c9947dd9,2018-10-03 16:00:00,2019-06-14 16:00:00,2019-06-27 16:00:00,Y,,,,Completed,PC,Forza Horizon 3,Racing,N,,2019-05-24 16:00:00,Hot Wheels
21,6007bab2a5cefca6c9947dd8,2018-10-03 16:00:00,2019-06-13 16:00:00,2019-07-13 16:00:00,Y,,,,Completed,PC,Forza Horizon 3,Racing,N,,2019-05-24 16:00:00,Blizzard Mountain
22,6007bab2a5cefca6c9947dd7,2018-04-28 16:00:00,2018-05-27 16:00:00,2018-05-27 16:00:00,Y,,,,Completed,PS4,Burnout Paradise Remastered,Racing,N,,2018-05-27 16:00:00,Toy Cars
23,6007bab2a5cefca6c9947dd6,2018-04-28 16:00:00,2018-05-27 16:00:00,2018-05-27 16:00:00,Y,,,,Completed,PS4,Burnout Paradise Remastered,Racing,N,,2018-05-20 16:00:00,Party Pack
24,6007bab2a5cefca6c9947dda,2019-06-09 16:00:00,2019-06-18 16:00:00,2019-06-18 16:00:00,Y,,,,Completed,360,Borderlands 2,FPS,N,,2019-06-17 16:00:00,Commander Lilith and the Fight for Sanctuary
25,6007bab2a5cefca6c9947dc7,,,,Y,,,,Completed,PS4,DRIVECLUB,Racing,N,,,Redline
26,6007bab2a5cefca6c9947dc4,,,,Y,,,,Completed,PS4,DRIVECLUB,Racing,N,,,Midnight
27,6007bab2a5cefca6c9947ddb,2019-11-24 16:00:00,2020-04-15 16:00:00,2020-04-18 16:00:00,Y,,,,Completed,PS4,Borderlands 3,FPS,N,,2020-04-14 16:00:00,Moxxi's Heist of the Handsome Jackpot
28,6007bab2a5cefca6c9947da3,,,,Y,,,,Completed,PC,StarCraft,Real-time strategy,N,,,Broodwar
29,6007bab2a5cefca6c9947dc5,,,,Y,,,,Completed,PS4,DRIVECLUB,Racing,N,,,Pacesetter
30,6007bab2a5cefca6c9947dd5,2018-04-28 16:00:00,2018-05-20 16:00:00,2018-05-20 16:00:00,Y,,,,Completed,PS4,Burnout Paradise Remastered,Racing,N,,2018-05-19 16:00:00,Legendary Cars
31,6007bab2a5cefca6c9947ddc,2019-11-24 16:00:00,2020-04-22 16:00:00,2020-04-23 16:00:00,Y,,,,Completed,PS4,Borderlands 3,FPS,N,,2020-04-20 16:00:00,"Guns, Love, and Tentacles"
32,6007bab2a5cefca6c9947db8,,,,Y,,,Nightmare.,Beaten,PC,Diablo II,Action RPG,N,,,Lord of Destruction
33,6007bab2a5cefca6c9947dc0,,,,Y,,,,Completed,PS4,DRIVECLUB,Racing,N,,,Horsepower
34,6007bab2a5cefca6c9947dab,,,,Y,,,Null until Microsoft/SEGA fixes it (probably never).,Infinite,XBLA,Sonic Adventure DX: Director's Cut,Platformer,N,,,Sonic Adventure DX Upgrade
35,6007bab2a5cefca6c9947db0,,,,Y,,,Completed.,Completed,360,Borderlands 2,FPS,N,,,Sir Hammerlock's Big Game Hunt
36,6007bab2a5cefca6c9947da5,,,,Y,,,,Beaten,360,Call of Duty: Black Ops II,FPS,N,,,Revolution
37,6007bab2a5cefca6c9947dc8,,,,Y,,,,Completed,PS4,DRIVECLUB,Racing,N,,,RPM
38,6007bab2a5cefca6c9947da9,,,,Y,,,,Completed,360,DiRT 3,Racing,N,,,Power and Glory Car Pack
39,6007bab2a5cefca6c9947daf,,,,Y,,,Hey Moxxi.,Completed,360,Borderlands 2,FPS,N,,,Mr. Torgue's Campaign of Carnage
40,6007bab2a5cefca6c9947db5,,,,Y,,,"Ugh, extreme.",Beaten,PS4,Trials Fusion,Racing,N,,,Empire of the Sky
41,6007bab2a5cefca6c9947db2,,,,Y,,,2% complete.,Beaten,Steam,Burnout Paradise: The Ultimate Box,Racing,N,,,Bikes Pack
42,6007bab2a5cefca6c9947da2,,,,Y,,,,Beaten,PC,RollerCoaster Tycoon,Simulation,N,,,Loopy Landscapes
43,6007bab2a5cefca6c9947da7,,,,Y,,,,Completed,360,DiRT 3,Racing,N,,,Monte Carlo Track Pack
44,6007bab2a5cefca6c9947ddf,2019-11-28 16:00:00,2020-07-04 16:00:00,2020-07-04 16:00:00,Y,0.0,0.0,,Completed,Switch,Mario + Rabbids Kingdom Battle,Turn-based tactics,N,Actual,2020-07-03 16:00:00,Donkey Kong Adventure
45,6007bab2a5cefca6c9947db4,,,,Y,,,,Beaten,PS4,RESOGUN,Shoot 'em up,N,,,Heroes
46,6007bab2a5cefca6c9947ddd,2020-05-16 16:00:00,2020-05-16 16:00:00,,Y,,,Not worth 30 bucks...,Beaten,XB1,Kingdom Hearts III,Action RPG,N,,2020-05-16 16:00:00,Re Mind
47,6007bab2a5cefca6c9947dde,2020-06-25 16:00:00,2020-06-26 16:00:00,2020-06-27 16:00:00,Y,0.0,0.0,,Completed,Switch,Captain Toad: Treasure Tracker,Puzzle,N,Actual,2020-06-25 16:00:00,Special Episode
48,6007bab2a5cefca6c9947de3,2020-03-26 16:00:00,2020-12-05 12:00:00,,Y,0.0,0.0,,Beaten,Switch,MARVEL ULTIMATE ALLIANCE 3: The Black Order,Beat 'em up,Y,Actual,2020-12-05 12:00:00,Fantastic Four: Shadow of Doom
49,6007bab2a5cefca6c9947de0,2020-06-25 16:00:00,2020-08-01 16:00:00,2020-08-02 16:00:00,Y,,,,Completed,PS4,Borderlands 3,FPS,N,,2020-08-01 16:00:00,Bounty of Blood
50,6007bab2a5cefca6c9947de7,,,,N,,,"Played through the entire game (with quarters!) Back in the late 90s as an 8 year old, myself, a fellow 3rd grade friend, and two of our summer camp junior counselors played through this game all the way at the arcade, rotating 2-and-2 when we died...just for the quality of the experience back then, this game gets 5 stars.",Completed,ARC,Time Crisis 2,Light gun shooter,N,,,
51,6007bab2a5cefca6c9947de6,2020-12-16 12:00:00,2020-12-17 12:00:00,2020-12-18 12:00:00,Y,,,,Completed,PS4,Borderlands 3,FPS,N,,2020-12-16 12:00:00,Psycho Krieg and the Fantastic Fustercluck
52,6007bab2a5cefca6c9947de1,2019-09-30 16:00:00,2020-12-05 12:00:00,2020-12-11 12:00:00,Y,0.0,0.0,Co-opped with Brando.,Completed,Switch,MARVEL ULTIMATE ALLIANCE 3: The Black Order,Beat 'em up,N,Actual,2020-08-07 16:00:00,Marvel Knights: Curse of the Vampire
53,6007bab2a5cefca6c9947de2,2019-12-23 16:00:00,2020-12-07 12:00:00,2020-12-14 12:00:00,Y,0.0,0.0,,Completed,Switch,MARVEL ULTIMATE ALLIANCE 3: The Black Order,Beat 'em up,N,Actual,2020-12-07 12:00:00,X-Men: Rise of the Phoenix
54,6007bab2a5cefca6c9947da6,,,,Y,,,,Beaten,360,Call of Duty: Black Ops II,FPS,N,,,Uprising
55,6007bab2a5cefca6c9947de5,2020-11-30 12:00:00,2020-11-30 12:00:00,,Y,0.0,0.0,Co-opped!,Beaten,Steam,A Hat in Time,Platformer,Y,Actual,2020-11-30 12:00:00,Nyakuza Metro + Online Party
56,6007bab2a5cefca6c9947de4,2020-11-30 12:00:00,2020-12-01 12:00:00,,Y,0.0,0.0,Co-opped!,Beaten,Steam,A Hat in Time,Platformer,Y,Actual,2020-11-30 12:00:00,Seal the Deal
57,6007bab2a5cefca6c9947de8,,,,N,260.0,23.0,,Infinite,PC,Guild Wars 2,MMORPG,N,Actual,,
58,6007bab2a5cefca6c9947de9,,,,N,4156.0,0.0,"My most played game. 2156 hours tracked via Xfire, estimated 2000 more before/after the Xfire days.",Infinite,PC,MapleStory,MMORPG,N,Estimate,,
59,6007bab2a5cefca6c9947daa,,,,Y,,,,Completed,360,DiRT 3,Racing,N,,,Shibuya Track Pack
60,6007bab2a5cefca6c9947dea,2013-07-10 16:00:00,2013-07-10 16:00:00,2013-07-10 16:00:00,N,,,,Completed,PC,Need for Speed II,Racing,N,,2013-07-10 16:00:00,
61,6007bab2a5cefca6c9947dbd,,,,Y,,,,Completed,PS4,DRIVECLUB,Racing,N,,,Downforce
62,6007bab2a5cefca6c9947dec,2013-02-15 16:00:00,2013-02-15 16:00:00,2013-02-15 16:00:00,N,,,,Completed,PC,StarCraft,Real-time strategy,N,,2013-02-15 16:00:00,
63,6007bab2a5cefca6c9947deb,2013-07-10 16:00:00,2013-07-10 16:00:00,,N,,,,Beaten,PC,RollerCoaster Tycoon,Simulation,N,,2013-07-10 16:00:00,
64,6007bab2a5cefca6c9947dbc,,,,Y,,,,Completed,PS4,DRIVECLUB,Racing,N,,,Apex
65,6007bab2a5cefca6c9947ded,,,,N,,,,Infinite,NES,Dr. Mario,Puzzle,N,,,
66,6007bab2a5cefca6c9947dbf,,,,Y,,,,Completed,PS4,DRIVECLUB,Racing,N,,,Evolution
67,6007bab2a5cefca6c9947dbb,,,,Y,,,,Completed,PS4,DRIVECLUB,Racing,N,,,AMG
68,6007bab2a5cefca6c9947dee,,,,N,,,,Infinite,NES,Excitebike,Racing,N,,,
69,6007bab2a5cefca6c9947def,,,,N,,,,Completed,NES,Ivan 'Ironman' Stewart's Super Off Road,Racing,N,,,
70,6007bab2a5cefca6c9947dc3,,,,Y,,,,Completed,PS4,DRIVECLUB,Racing,N,,,Lamborghini Icons
71,6007bab2a5cefca6c9947dc2,,,,Y,,,,Completed,PS4,DRIVECLUB,Racing,N,,,Lamborghini
72,6007bab2a5cefca6c9947dac,,,,Y,,,,Beaten,XBLA,Trials Evolution,Racing,N,,,Origin of Pain
73,6007bab2a5cefca6c9947db1,,,,Y,,,TVHM.,Completed,360,Borderlands 2,FPS,N,,,Tiny Tina's Assault on Dragon Keep
74,6007bab2a5cefca6c9947dc6,,,,Y,,,,Completed,PS4,DRIVECLUB,Racing,N,,,Photo-Finish
75,6007bab2a5cefca6c9947dae,,,,Y,,,Done on UVHM!,Completed,360,Borderlands 2,FPS,N,,,Captain Scarlett and Her Pirate's Booty
76,6007bab2a5cefca6c9947db9,,,,Y,,,54% of achievements.,Beaten,BNet,Diablo III,Action RPG,N,,,Reaper of Souls
77,6007bab2a5cefca6c9947df3,,,,N,,,,Beaten,GEN,Dr. Robotnik's Mean Bean Machine,Puzzle,N,,,
78,6007bab2a5cefca6c9947df0,,,,N,,,,Completed,NES,Kirby's Adventure,Platformer,N,,,
79,6007bab2a5cefca6c9947dbe,,,,Y,,,,Completed,PS4,DRIVECLUB,Racing,N,,,Elements
80,6007bab2a5cefca6c9947dba,,,,Y,,,,Completed,PS4,DRIVECLUB,Racing,N,,,All Stars
81,6007bab2a5cefca6c9947e0c,,,,N,,,,Beaten,GG,Sonic 2,Platformer,N,,,
82,6007bab2a5cefca6c9947e17,,,,N,,,,Completed,GBC,Mario Golf,Sports,N,,,
83,6007bab2a5cefca6c9947e15,,,,N,,,,Completed,GBC,Kirby's Pinball Land,Pinball,N,,,
84,6007bab2a5cefca6c9947e09,,,,N,,,,Beaten,N64,Yoshi's Story,Platformer,N,,,
85,6007bab2a5cefca6c9947e02,,,,N,22.0,58.0,,Beaten,N64,Paper Mario,RPG,N,Actual,,
86,6007bab2a5cefca6c9947e13,,,,N,,,,Completed,GBC,Kirby Tilt 'n' Tumble!,Puzzle,N,,,
87,6007bab2a5cefca6c9947e0e,2014-05-29 16:00:00,2014-05-29 16:00:00,2014-05-29 16:00:00,N,,,,Completed,GG,Sonic Labyrinth,Puzzle,N,,2014-05-29 16:00:00,
88,6007bab2a5cefca6c9947e03,,,,N,,,,Completed,N64,Pokemon Snap,Simulation,N,,,
89,6007bab2a5cefca6c9947df6,,,,N,,,,Beaten,GEN,Sonic the Hedgehog,Platformer,N,,,
90,6007bab2a5cefca6c9947e11,1998-03-25 16:00:00,2019-01-26 16:00:00,2019-01-28 16:00:00,N,,,,Completed,PC,Need for Speed III: Hot Pursuit,Racing,N,,2019-01-25 16:00:00,
91,6007bab2a5cefca6c9947e06,,,,N,,,,Completed,N64,Super Mario 64,Platformer,N,,,
92,6007bab2a5cefca6c9947dff,,,,N,,,,Beaten,N64,Mario Tennis,Sports,N,,,
93,6007bab2a5cefca6c9947e12,2014-05-27 16:00:00,2014-05-27 16:00:00,2014-05-27 16:00:00,N,,,,Completed,GBC,F-1 Race,Racing,N,,2014-05-27 16:00:00,
94,6007bab2a5cefca6c9947df9,,,,N,,,,Completed,N64,Beetle Adventure Racing!,Racing,N,,,
95,6007bab2a5cefca6c9947dfa,,,,N,,,,Completed,N64,Diddy Kong Racing,Racing,N,,,
96,6007bab2a5cefca6c9947e0a,,,,N,,,,Completed,GG,Bugs Bunny in Double Trouble,Platformer,N,,,
97,6007bab2a5cefca6c9947e0d,,,,N,,,,Beaten,GG,Sonic Chaos,Platformer,N,,,
98,6007bab2a5cefca6c9947e05,,,,N,,,,Completed,N64,Star Fox 64,Rail shooter,N,,,
99,6007bab2a5cefca6c9947e10,,,,N,,,,Infinite,GG,Super Columns,Puzzle,N,,,
100,6007bab2a5cefca6c9947e08,,,,N,,,,Completed,N64,Wave Race 64,Racing,N,,,
101,6007bab2a5cefca6c9947df7,,,,N,,,,Completed,GEN,Sonic the Hedgehog 2,Platformer,N,,,
102,6007bab2a5cefca6c9947df8,,,,N,,,,Completed,N64,1080 Snowboarding,Racing,N,,,
103,6007bab2a5cefca6c9947e14,,,,N,,,,Completed,GBC,Kirby's Dream Land,Platformer,N,,,
104,6007bab2a5cefca6c9947e01,,,,N,,,,Completed,N64,Off Road Challenge,Racing,N,,,
105,6007bab2a5cefca6c9947dfd,,,,N,,,,Completed,N64,Mario Kart 64,Racing,N,,,
106,6007bab2a5cefca6c9947df5,,,,N,,,,Completed,GEN,Sonic Spinball,Pinball,N,,,
107,6007bab2a5cefca6c9947dfb,,,,N,,,,Beaten,N64,Madden '99,Sports,N,,,
108,6007bab2a5cefca6c9947dfc,,,,N,,,,Completed,N64,Mario Golf,Sports,N,,,
109,6007bab2a5cefca6c9947df2,,,,N,,,,Completed,NES,Super Mario Bros.,Platformer,N,,,
110,6007bab2a5cefca6c9947e18,,,,N,,,,Beaten,GBC,Pokemon Pinball,Pinball,N,,,
111,6007bab2a5cefca6c9947df4,2013-06-28 16:00:00,2013-06-28 16:00:00,2013-06-28 16:00:00,N,,,,Completed,GEN,Sonic 3D Blast,Platformer,N,,2013-06-28 16:00:00,
112,6007bab2a5cefca6c9947e04,,,,N,,,,Beaten,N64,Pokemon Stadium,RPG,N,,,
113,6007bab2a5cefca6c9947dfe,,,,N,,,,Completed,N64,Mario Party,Party,N,,,
114,6007bab2a5cefca6c9947e0f,,,,N,,,,Beaten,GG,Sonic the Hedgehog: Triple Trouble,Platformer,N,,,
115,6007bab2a5cefca6c9947df1,,,,N,,,,Completed,NES,Marble Madness,Platformer,N,,,
116,6007bab2a5cefca6c9947e00,,,,N,,,,Beaten,N64,Mischief Makers,Platformer,N,,,
117,6007bab2a5cefca6c9947e0b,,,,N,,,,Infinite,GG,Ms. PAC-MAN,Maze,N,,,
118,6007bab2a5cefca6c9947e19,,,,N,,,,Beaten,GBC,Pokemon Red,RPG,N,,,
119,6007bab2a5cefca6c9947e07,,,,N,,,,Beaten,N64,The Legend of Zelda: Ocarina of Time,Action-adventure,N,,,
120,6007bab2a5cefca6c9947e16,,,,N,,,,Completed,GBC,Marble Madness,Platformer,N,,,
121,6007bab2a5cefca6c9947e1a,,,,N,,,,Completed,GBC,Pokemon Silver,RPG,N,,,
122,6007bab2a5cefca6c9947e1b,,,,N,,,,Completed,GBC,Pokemon Trading Card Game,TCG,N,,,
123,6007bab2a5cefca6c9947e1f,,,,N,,,,Completed,GBC,The Legend of Zelda: Link's Awakening,Action-adventure,N,,,
124,6007bab2a5cefca6c9947e1e,,,,N,,,,Completed,GBC,Super Mario Land 2: Six Golden Coins,Platformer,N,,,
125,6007bab2a5cefca6c9947e20,,,,N,,,,Completed,DC,Crazy Taxi,Racing,N,,,
126,6007bab2a5cefca6c9947e1d,,,,N,,,,Completed,GBC,Super Mario Land,Platformer,N,,,
127,6007bab2a5cefca6c9947e1c,,,,N,,,,Beaten,GBC,Pokemon Yellow,RPG,N,,,
128,6007bab2a5cefca6c9947e21,,,,N,,,,Completed,DC,Gauntlet Legends,Hack & Slash,N,,,
129,6007bab2a5cefca6c9947e22,,,,N,,,,Completed,DC,Hydro Thunder,Racing,N,,,
130,6007bab2a5cefca6c9947e25,,,,N,,,,Completed,DC,Power Stone,Fighting,N,,,
131,6007bab2a5cefca6c9947e24,,,,N,,,,Beaten,DC,NFL 2K1,Sports,N,,,
132,6007bab2a5cefca6c9947e26,,,,N,,,,Beaten,DC,Power Stone 2,Fighting,N,,,
133,6007bab2a5cefca6c9947e23,,,,N,,,,Completed,DC,Matt Hoffman's Pro BMX,Sports,N,,,
134,6007bab2a5cefca6c9947e28,,,,N,,,,Completed,DC,Sega Bass Fishing,Sports,N,,,
135,6007bab2a5cefca6c9947e2a,2012-12-01 16:00:00,2012-12-01 16:00:00,2012-12-01 16:00:00,N,,,,Completed,DC,Sonic Adventure,Platformer,N,,2012-12-01 16:00:00,
136,6007bab2a5cefca6c9947e2b,,,,N,,,,Completed,DC,Virtua Tennis,Sports,N,,,
137,6007bab2a5cefca6c9947e29,,,,N,,,,Beaten,DC,Sega GT,Racing,N,,,
138,6007bab2a5cefca6c9947e27,,,,N,,,,Completed,DC,Q*bert,Puzzle,N,,,
139,6007bab2a5cefca6c9947e2c,,,,N,55.0,0.0,Playtime estimated...but it's a true 100%.,Completed,GBA,Advance Wars,Turn-based tactics,N,Actual,,
140,6007bab2a5cefca6c9947e2d,,,,N,45.0,0.0,Playtime estimated...but it's a true 100%.,Completed,GBA,Advance Wars 2: Black Hole Rising,Turn-based tactics,N,Actual,,
141,6007bab2a5cefca6c9947e31,,,,N,97.0,35.0,,Completed,GBA,Final Fantasy Tactics Advance,Turn-based tactics,N,Actual,,
142,6007bab2a5cefca6c9947e2f,,,,N,6.0,13.0,,Completed,GBA,Final Fantasy II,JRPG,N,Actual,,
143,6007bab2a5cefca6c9947e2e,,,,N,21.0,39.0,,Completed,GBA,Final Fantasy,JRPG,N,Actual,,
144,6007bab2a5cefca6c9947e30,,,,N,35.0,7.0,,Completed,GBA,Final Fantasy IV,JRPG,N,Actual,,
145,6007bab2a5cefca6c9947e33,,,,N,,,,Completed,GBA,F-Zero: Maximum Velocity,Racing,N,,,
146,6007bab2a5cefca6c9947e35,,,,N,54.0,0.0,Playtime estimated...but it's a true 100%.,Mastered,GBA,Golden Sun: The Lost Age,JRPG,N,Actual,,
147,6007bab2a5cefca6c9947e38,,,,N,,,,Completed,GBA,Mario vs. Donkey Kong,Puzzle,N,,,
148,6007bab2a5cefca6c9947e32,,,,N,32.0,9.0,,Beaten,GBA,Final Fantasy V,JRPG,N,Actual,,
149,6007bab2a5cefca6c9947e34,,,,N,29.0,59.0,,Completed,GBA,Golden Sun,JRPG,N,Actual,,
150,6007bab2a5cefca6c9947e3c,,,,N,,,,Completed,GBA,Super Mario World: Super Mario Advance 2,Platformer,N,,,
151,6007bab2a5cefca6c9947e39,,,,N,,,,Completed,GBA,Matt Hoffman's Pro BMX,Sports,N,,,
152,6007bab2a5cefca6c9947e3b,,,,N,300.0,0.0,Top 10 most regrettable trade-ins...playtime estimated.,Completed,GBA,Pokemon Ruby,RPG,N,Estimate,,
153,6007bab2a5cefca6c9947e3e,,,,N,,,,Completed,GBA,"Wario Ware, Inc. Mega Microgame$!",Rhythm,N,,,
154,6007bab2a5cefca6c9947e3d,,,,N,,,,Completed,GBA,The Legend of Zelda: A Link to the Past/Four Swords,Action-adventure,N,,,
155,6007bab2a5cefca6c9947e36,,,,N,,,,Completed,GBA,Kirby & The Amazing Mirror,Platformer,N,,,
156,6007bab2a5cefca6c9947e3a,,,,N,,,,Beaten,GBA,Metal Slug Advance,Shoot 'em up,N,,,
157,6007bab2a5cefca6c9947e41,,,,N,,,,Beaten,GCN,Donkey Konga,Rhythm,N,,,
158,6007bab2a5cefca6c9947e3f,,,,N,,,,Infinite,GCN,Animal Crossing,Simulation,N,,,
159,6007bab2a5cefca6c9947e37,,,,N,,,,Completed,GBA,Kirby: Nightmare in Dream Land,Platformer,N,,,
160,6007bab2a5cefca6c9947e40,,,,N,,,,Beaten,GCN,Baten Kaitos: Eternal Wings and the Lost Ocean,JRPG,N,,,
161,6007bab2a5cefca6c9947e43,,,,N,,,,Completed,GCN,Hello Kitty: Roller Rescue,Platformer,N,,,
162,6007bab2a5cefca6c9947e42,,,,N,,,,Completed,GCN,Final Fantasy Crystal Chronicles,JRPG,N,,,
163,6007bab2a5cefca6c9947e44,,,,N,,,,Completed,GCN,Kirby Air Ride,Racing,N,,,
164,6007bab2a5cefca6c9947e45,,,,N,,,,Completed,GCN,Luigi's Mansion,Action-adventure,N,,,
165,6007bab2a5cefca6c9947e46,,,,N,,,,Beaten,GCN,Mario Golf Toadstool Tour (Target Special Edition),Sports,N,,,
166,6007bab2a5cefca6c9947e47,,,,N,,,,Completed,GCN,Mario Kart: Double Dash!!,Racing,N,,,
167,6007bab2a5cefca6c9947e48,,,,N,14.0,20.0,,Completed,GCN,Metroid Prime,Metroidvania,N,Actual,,
168,6007bab2a5cefca6c9947e49,,,,N,14.0,34.0,,Beaten,GCN,Metroid Prime 2: Echoes,Metroidvania,N,Actual,,
169,6007bab2a5cefca6c9947e4b,,,,N,22.0,44.0,,Beaten,GCN,Paper Mario: The Thousand Year Door,RPG,N,Actual,,
170,6007bab2a5cefca6c9947e4a,,,,N,10.0,42.0,,Beaten,GCN,PAC-MAN World 2,Platformer,N,Actual,,
171,6007bab2a5cefca6c9947e4f,,,,N,,,,Completed,GCN,Super Mario Sunshine,Platformer,N,,,
172,6007bab2a5cefca6c9947e4d,,,,N,,,,Completed,GCN,Shadow the Hedgehog,Platformer,N,,,
173,6007bab2a5cefca6c9947e4c,,,,N,,,,Completed,GCN,Pikmin,Real-time strategy,N,,,
174,6007bab2a5cefca6c9947e51,,,,N,286.0,14.0,,Completed,GCN,Super Smash Bros. Melee,Fighting,N,Actual,,
175,6007bab2a5cefca6c9947e4e,,,,N,24.0,55.0,,Beaten,GCN,Sonic Adventure 2: Battle,Platformer,N,Actual,,
176,6007bab2a5cefca6c9947e50,,,,N,,,,Completed,GCN,Super Monkey Ball 2,Platformer,N,,,
177,6007bab2a5cefca6c9947e53,,,,N,,,,Beaten,GCN,The Legend of Zelda: Twilight Princess,Action-adventure,N,,,
178,6007bab2a5cefca6c9947e56,,,,N,,,,Beaten,GCN,Wario Ware Inc: Mega Party Games!,Rhythm,N,,,
179,6007bab2a5cefca6c9947e54,,,,N,,,,Beaten,GCN,The Legend of Zelda: Wind Waker,Action-adventure,N,,,
180,6007bab2a5cefca6c9947e55,,,,N,,,,Completed,GCN,Tony Hawk's Pro Skater 4,Sports,N,,,
181,6007bab2a5cefca6c9947e52,,,,N,,,,Completed,GCN,The Legend of Zelda: Four Swords Adventures,Action-adventure,N,,,
182,6007bab2a5cefca6c9947e61,,,,N,,,,Completed,PS2,DT Racer,Racing,N,,,
183,6007bab2a5cefca6c9947e5f,2013-10-28 16:00:00,2013-10-31 16:00:00,,N,6.0,11.0,,Beaten,PS2,Devil May Cry,Hack & Slash,N,Actual,2013-10-28 16:00:00,
184,6007bab2a5cefca6c9947e7b,,,,N,27.0,40.0,,Beaten,NDS,Golden Sun: Dark Dawn,JRPG,N,Actual,,
185,6007bab2a5cefca6c9947e67,,,,N,36.0,9.0,,Beaten,PS,Final Fantasy VIII,JRPG,N,Actual,,
186,6007bab2a5cefca6c9947e5b,,,,N,,,,Completed,PS2,Dance Dance Revolution SuperNOVA 2,Rhythm,N,,,
187,6007bab2a5cefca6c9947e73,,,,N,50.0,49.0,,Beaten,NDS,Advance Wars: Days of Ruin,Turn-based tactics,N,Actual,,
188,6007bab2a5cefca6c9947e79,,,,N,35.0,12.0,,Beaten,NDS,Final Fantasy III,JRPG,N,Actual,,
189,6007bab2a5cefca6c9947e71,,,,N,,,,Completed,PS2,Spy Hunter,Vehicular combat,N,,,
190,6007bab2a5cefca6c9947e57,,,,N,18.0,20.0,,Completed,PS2,ATV Offroad Fury 3,Racing,N,Actual,,
191,6007bab2a5cefca6c9947e6f,,,,N,11.0,18.0,,Completed,PS2,Sly 2: Band of Thieves,Stealth,N,Actual,,
192,6007bab2a5cefca6c9947e78,2013-01-08 16:00:00,2013-01-25 16:00:00,,N,17.0,27.0,,Beaten,NDS,Chrono Trigger,JRPG,N,Actual,2013-01-08 16:00:00,
193,6007bab2a5cefca6c9947e68,,,,N,32.0,35.0,,Beaten,PS2,Final Fantasy X,JRPG,N,Actual,,
194,6007bab2a5cefca6c9947e59,,,,N,,,,Completed,PS2,Dance Dance Revolution Extreme 2,Rhythm,N,,,
195,6007bab2a5cefca6c9947e6e,,,,N,,,,Beaten,PS2,NCAA Football 06,Sports,N,,,
196,6007bab2a5cefca6c9947e72,,,,N,19.0,17.0,,Beaten,PS2,Star Wars Battlefront II,TPS,N,Actual,,
197,6007bab2a5cefca6c9947e75,,,,N,,,,Infinite,NDS,Animal Crossing: Wild World,Simulation,N,,,
198,6007bab2a5cefca6c9947e7e,,,,N,,,,Completed,NDS,Mario Kart DS,Racing,N,,,
199,6007bab2a5cefca6c9947e69,2013-10-09 16:00:00,2013-10-09 16:00:00,,N,18.0,49.0,,Beaten,PS2,Final Fantasy X-2,JRPG,N,Actual,2013-10-09 16:00:00,
200,6007bab2a5cefca6c9947e74,,,,N,140.0,58.0,,Beaten,NDS,Advance Wars: Dual Strike,Turn-based tactics,N,Actual,,
201,6007bab2a5cefca6c9947e58,,,,N,,,,Completed,PS2,Dance Dance Revolution Extreme (JP),Rhythm,N,,,
202,6007bab2a5cefca6c9947e65,,,,N,28.0,3.0,,Beaten,PS,Final Fantasy VI,JRPG,N,Actual,,
203,6007bab2a5cefca6c9947e5c,,,,N,,,,Completed,PS2,Dance Dance Revolution X,Rhythm,N,,,
204,6007bab2a5cefca6c9947e63,,,,N,35.0,21.0,,Beaten,PS,Final Fantasy IX,JRPG,N,Actual,,
205,6007bab2a5cefca6c9947e66,,,,N,30.0,20.0,,Beaten,PS,Final Fantasy VII,JRPG,N,Actual,,
206,6007bab2a5cefca6c9947e6b,,,,N,,,,Beaten,PS2,In The Groove,Rhythm,N,,,
207,6007bab2a5cefca6c9947e62,,,,N,,,,Beaten,PS2,Duel Masters,TCG,N,,,
208,6007bab2a5cefca6c9947e76,,,,N,,,,Completed,NDS,Big Brain Academy,Puzzle,N,,,
209,6007bab2a5cefca6c9947e64,,,,N,,,,Beaten,PS,Final Fantasy V,JRPG,N,,,
210,6007bab2a5cefca6c9947e7d,,,,N,,,,Completed,NDS,Kirby Super Star Ultra,Platformer,N,,,
211,6007bab2a5cefca6c9947e6d,2013-05-23 16:00:00,2013-07-25 16:00:00,,N,30.0,37.0,,Beaten,PS2,Kingdom Hearts II,Action RPG,N,Actual,2013-05-23 16:00:00,
212,6007bab2a5cefca6c9947e5a,,,,N,,,,Completed,PS2,Dance Dance Revolution SuperNOVA,Rhythm,N,,,
213,6007bab2a5cefca6c9947e5d,,,,N,,,,Completed,PS2,DDRMAX: Dance Dance Revolution,Rhythm,N,,,
214,6007bab2a5cefca6c9947e70,,,,N,,,,Completed,PS2,Sly Cooper and the Thievius Raccoonus,Stealth,N,,,
215,6007bab2a5cefca6c9947e6c,2013-05-23 16:00:00,2013-05-23 16:00:00,,N,26.0,58.0,,Beaten,PS2,Kingdom Hearts,Action RPG,N,Actual,2013-05-23 16:00:00,
216,6007bab2a5cefca6c9947e7c,,,,N,,,,Completed,NDS,Kirby Squeak Squad,Platformer,N,,,
217,6007bab2a5cefca6c9947e60,2013-10-31 16:00:00,2013-11-14 16:00:00,,N,3.0,34.0,,Beaten,PS2,Devil May Cry 2,Hack & Slash,N,Actual,2013-10-31 16:00:00,
218,6007bab2a5cefca6c9947e5e,,,,N,,,,Completed,PS2,DDRMAX2: Dance Dance Revolution (JP),Rhythm,N,,,
219,6007bab2a5cefca6c9947e77,,,,N,3.0,21.0,,Completed,NDS,Bomberman,Action,N,Actual,,
220,6007bab2a5cefca6c9947e6a,,,,N,62.0,43.0,,Beaten,PS2,Final Fantasy XII: Collector's Edition,JRPG,N,Actual,,
221,6007bab2a5cefca6c9947e7a,2013-09-03 16:00:00,2013-09-03 16:00:00,2016-02-18 16:00:00,N,108.0,59.0,,Completed,NDS,Final Fantasy Tactics A2: Grimoire of the Rift,Turn-based tactics,N,Actual,2013-09-03 16:00:00,
222,6007bab2a5cefca6c9947e83,2013-05-02 16:00:00,2013-05-13 16:00:00,,N,35.0,27.0,,Beaten,NDS,Pokemon Soul Silver,RPG,N,Actual,2013-05-02 16:00:00,
223,6007bab2a5cefca6c9947e81,,,,N,400.0,0.0,Not sure where this is...,Beaten,NDS,Pokemon Diamond,RPG,N,Estimate,,
224,6007bab2a5cefca6c9947e82,,,,N,219.0,6.0,,Beaten,NDS,Pokemon Platinum,RPG,N,Actual,,
225,6007bab2a5cefca6c9947e7f,,,,N,,,,Completed,NDS,New Super Mario Bros.,Platformer,N,,,
226,6007bab2a5cefca6c9947e80,,,,N,,,,Beaten,NDS,Nintendogs: Lab & Friends,Simulation,N,,,
227,6007bab2a5cefca6c9947e85,,,,N,,,,Beaten,NDS,Rayman DS,Platformer,N,,,
228,6007bab2a5cefca6c9947e8a,,,,N,,,22422 Tetris Points,Completed,NDS,Tetris DS,Puzzle,N,,,
229,6007bab2a5cefca6c9947e89,,,,N,,,,Completed,NDS,Super Mario 64DS,Platformer,N,,,
230,6007bab2a5cefca6c9947e8d,,,,N,,,,Completed,NDS,Wario Ware: Touched!,Rhythm,N,,,
231,6007bab2a5cefca6c9947e8c,,,,N,18.0,17.0,,Beaten,NDS,The Legend of Zelda: Spirit Tracks,Action-adventure,N,Actual,,
232,6007bab2a5cefca6c9947e86,,,,N,,,,Completed,NDS,Ridge Racer DS,Racing,N,,,
233,6007bab2a5cefca6c9947e87,,,,N,7.0,42.0,,Beaten,NDS,Sonic Chronicles,RPG,N,Actual,,
234,6007bab2a5cefca6c9947e88,2013-07-30 16:00:00,2013-07-30 16:00:00,,N,5.0,22.0,,Beaten,NDS,Sonic Rush,Platformer,N,Actual,2013-07-30 16:00:00,
235,6007bab2a5cefca6c9947e8b,,,,N,,,,Completed,NDS,The Legend of Zelda: Phantom Hourglass,Action-adventure,N,,,
236,6007bab2a5cefca6c9947e84,,,,N,33.0,28.0,,Completed,NDS,Polarium,Puzzle,N,Actual,,
237,6007bab2a5cefca6c9947e92,2006-12-25 16:00:00,2006-12-25 16:00:00,,N,8.0,31.0,,Beaten,VC,Gunstar Heroes,Platformer,N,Actual,2006-12-25 16:00:00,
238,6007bab2a5cefca6c9947e8f,2013-04-28 16:00:00,2013-04-28 16:00:00,,N,2.0,22.0,,Beaten,Wii,Sonic Colors,Platformer,N,Actual,2013-04-28 16:00:00,
239,6007bab2a5cefca6c9947e90,,,,N,20.0,49.0,,Completed,VC,Mario Kart 64,Racing,N,Actual,,
240,6007bab2a5cefca6c9947e91,2006-12-25 16:00:00,2006-12-25 16:00:00,,N,1.0,9.0,,Beaten,VC,Gradius,Shoot 'em up,N,Actual,2006-12-25 16:00:00,
241,6007bab2a5cefca6c9947e96,2007-04-09 16:00:00,2007-04-30 16:00:00,2008-03-01 16:00:00,N,29.0,57.0,,Completed,Wii,Super Paper Mario,RPG,N,Actual,2007-04-09 16:00:00,
242,6007bab2a5cefca6c9947e95,2007-04-01 16:00:00,2007-04-01 16:00:00,2007-07-01 16:00:00,N,7.0,32.0,,Completed,Wii,WarioWare: Smooth Moves,Rhythm,N,Actual,2007-04-01 16:00:00,
243,6007bab2a5cefca6c9947e8e,2013-01-27 16:00:00,2013-01-29 16:00:00,,N,2.0,36.0,,Beaten,Wii,Sonic and the Black Knight,Platformer,N,Actual,2013-01-27 16:00:00,
244,6007bab2a5cefca6c9947e93,2006-12-25 16:00:00,,,N,7.0,44.0,,Completed,VC,Super Mario Bros.,Platformer,N,Actual,2006-12-25 16:00:00,
245,6007bab2a5cefca6c9947e94,2006-12-25 16:00:00,,,N,111.0,31.0,,Infinite,Wii,Wii Sports,Sports,N,Actual,2006-12-25 16:00:00,
246,6007bab2a5cefca6c9947e97,,,,N,,,,Completed,iPod,Boxed In,Puzzle,N,,,
247,6007bab2a5cefca6c9947e99,2007-07-01 16:00:00,2007-07-01 16:00:00,,N,13.0,8.0,,Beaten,Wii,Pokemon Battle Revolution,RPG,N,Actual,2007-07-01 16:00:00,
248,6007bab2a5cefca6c9947e98,,,,N,,,,Completed,iPod,Trace,Platformer,N,,,
249,6007bab2a5cefca6c9947e9b,2007-11-01 16:00:00,2012-04-07 16:00:00,,N,10.0,4.0,,Completed,VC,Super Mario Bros. 3,Platformer,N,Actual,2007-11-01 16:00:00,
250,6007bab2a5cefca6c9947e9d,2007-11-01 16:00:00,2007-11-01 16:00:00,2008-05-01 16:00:00,N,18.0,12.0,,Completed,Wii,Super Monkey Ball: Banana Blitz,Platformer,N,Actual,2007-11-01 16:00:00,
251,6007bab2a5cefca6c9947e9a,2007-11-01 16:00:00,2013-02-15 16:00:00,,N,7.0,12.0,,Beaten,VC,Super Mario Bros. 2 (The Lost Levels),Platformer,N,Actual,2007-11-01 16:00:00,
252,6007bab2a5cefca6c9947e9e,2007-12-25 16:00:00,2007-12-25 16:00:00,,N,30.0,0.0,,Beaten,Wii,Madden 08,Sports,N,Actual,2007-12-25 16:00:00,
253,6007bab2a5cefca6c9947e9c,2007-11-01 16:00:00,2007-12-01 16:00:00,2008-07-16 16:00:00,N,51.0,55.0,,Completed,Wii,Super Mario Galaxy,Platformer,N,Actual,2007-11-01 16:00:00,
254,6007bab2a5cefca6c9947e9f,2007-12-25 16:00:00,2007-12-25 16:00:00,2007-12-25 16:00:00,N,3.0,35.0,,Completed,Wii,Wii Play,Party,N,Actual,2007-12-25 16:00:00,
255,6007bab2a5cefca6c9947ea0,2008-01-01 16:00:00,,,N,7.0,35.0,,Infinite,VC,StarTropics,Action-adventure,N,Actual,2008-01-01 16:00:00,
256,6007bab2a5cefca6c9947ea1,2008-03-09 16:00:00,2008-03-09 16:00:00,,N,289.0,11.0,,Beaten,Wii,Super Smash Bros. Brawl,Fighting,N,Actual,2008-03-09 16:00:00,
257,6007bab2a5cefca6c9947ea3,2008-05-29 16:00:00,2008-05-29 16:00:00,2008-06-08 16:00:00,N,80.0,38.0,,Completed,Wii,Mario Kart Wii,Racing,N,Actual,2008-05-29 16:00:00,
258,6007bab2a5cefca6c9947ea2,2008-03-10 16:00:00,2008-03-10 16:00:00,,N,22.0,36.0,,Beaten,Wii,Guitar Hero III: Legends of Rock,Rhythm,N,Actual,2008-03-10 16:00:00,
259,6007bab2a5cefca6c9947ea4,,,,N,,,,Beaten,Steam,Beat Hazard,Rhythm,N,,,
260,6007bab2a5cefca6c9947ea5,2013-06-07 16:00:00,2013-06-07 16:00:00,,N,,,,Beaten,Steam,BIT.TRIP BEAT,Rhythm,N,,2013-06-07 16:00:00,
261,6007bab2a5cefca6c9947ea6,,,,N,,,,Beaten,Steam,Blur,Racing,N,,,
262,6007bab2a5cefca6c9947ea7,,,,N,,,,Wish List,Steam,Bomb Sworders,Action,N,,,
263,6007bab2a5cefca6c9947ea8,,,,N,,,,Beaten,Steam,Bullet Candy,Shoot 'em up,N,,,
264,6007bab2a5cefca6c9947eaa,2012-11-23 16:00:00,2012-11-23 16:00:00,,N,,,,Beaten,Steam,Cogs,Puzzle,N,,2012-11-23 16:00:00,
265,6007bab2a5cefca6c9947ea9,,,,N,,,,Beaten,Steam,Chime,Puzzle,N,,,
266,6007bab2a5cefca6c9947eab,2013-11-24 16:00:00,2013-11-24 16:00:00,,N,,,,Beaten,Steam,Pinball FX2,Pinball,N,,2013-11-24 16:00:00,Core Pack
267,6007bab2a5cefca6c9947eac,,,,N,,,,Infinite,Steam,Counter-Strike: Source,FPS,N,,,
268,6007bab2a5cefca6c9947eae,,,,N,,,,Infinite,Steam,Darwinia,Real-time strategy,N,,,
269,6007bab2a5cefca6c9947ead,,,,N,,,,Infinite,Steam,Counter-Strike: Source Beta,FPS,N,,,
270,6007bab2a5cefca6c9947eaf,,,,N,,,,Beaten,Steam,Day of Defeat: Source,FPS,N,,,
271,6007bab2a5cefca6c9947eb0,2012-11-23 16:00:00,2012-11-23 16:00:00,,N,,,,Beaten,Steam,DEFCON,Real-time strategy,N,,2012-11-23 16:00:00,
272,6007bab2a5cefca6c9947eb1,,,,N,,,,Beaten,Steam,DiRT 3 Complete Edition,Racing,N,,,
273,6007bab2a5cefca6c9947eb2,,,,N,,,,Beaten,Steam,Droplitz,Puzzle,N,,,
274,6007bab2a5cefca6c9947eb3,,,,N,,,,Wish List,Steam,Due Process,FPS,N,,,
275,6007bab2a5cefca6c9947eb9,2012-11-24 16:00:00,2012-11-24 16:00:00,2012-11-24 16:00:00,N,,,,Completed,Steam,Geometry Wars: Retro Evolved,Shoot 'em up,N,,2012-11-24 16:00:00,
276,6007bab2a5cefca6c9947eb7,2015-07-12 16:00:00,2015-07-12 16:00:00,,N,,,,Beaten,Steam,Eufloria HD,Real-time strategy,N,,2015-07-12 16:00:00,
277,6007bab2a5cefca6c9947eb4,,,,N,,,,Wish List,Steam,Dunk Lords,Sports,N,,,
278,6007bab2a5cefca6c9947eb8,,,,N,,,,Beaten,Steam,Galcon Fusion,Real-time strategy,N,,,
279,6007bab2a5cefca6c9947eb5,2013-11-24 16:00:00,2013-11-24 16:00:00,,N,,,,Beaten,Steam,Pinball FX2,Pinball,N,,2013-11-24 16:00:00,Earth Defense Table
280,6007bab2a5cefca6c9947eb6,2013-02-28 16:00:00,2013-02-28 16:00:00,,N,,,,Beaten,Steam,Eufloria,Real-time strategy,N,,2013-02-28 16:00:00,
281,6007bab2a5cefca6c9947eba,,,,N,,,,Infinite,Steam,Grand Theft Auto,Action-adventure,N,,,
282,6007bab2a5cefca6c9947ebd,2013-09-22 16:00:00,2014-08-15 16:00:00,,N,,,,Beaten,Steam,Grand Theft Auto: Vice City,Action-adventure,N,,2013-09-22 16:00:00,
283,6007bab2a5cefca6c9947ec7,2013-03-08 16:00:00,2013-03-10 16:00:00,2013-03-10 16:00:00,N,,,,Completed,Steam,Puzzle Agent,Puzzle,N,,2013-03-08 16:00:00,
284,6007bab2a5cefca6c9947ec1,2013-02-22 16:00:00,2013-02-24 16:00:00,,N,,,,Beaten,Steam,Half-Life 2: Episode Two,FPS,N,,2013-02-22 16:00:00,
285,6007bab2a5cefca6c9947ecc,2013-11-24 16:00:00,2013-11-24 16:00:00,,N,,,,Beaten,Steam,Pinball FX2,Pinball,N,,2013-11-24 16:00:00,Sorcerer's Lair
286,6007bab2a5cefca6c9947edf,2013-07-15 16:00:00,2013-07-15 16:00:00,2013-07-15 16:00:00,N,109.0,28.0,"Treasure Hunter was merciless. I can''t even begin to describe how much I love this game. Everyone hated on the open world, but I thought the story should have more than made up for it, and I actually kinda liked the linearity.",Completed,360,Final Fantasy XIII,JRPG,N,Actual,2013-07-15 16:00:00,
287,6007bab2a5cefca6c9947edb,,,,N,16.0,38.0,ONE THOUSAND MILES.Actually turned out to be pretty fantastic once it grew on me. Screw Rally Raid. XD ,Completed,360,DiRT,Racing,N,Actual,,
288,6007bab2a5cefca6c9947ecb,,,,N,,,,Beaten,Steam,Sid Meier's Civilization 5,Turn-based strategy,N,,,
289,6007bab2a5cefca6c9947eda,,,,N,,,"Let my cousin play it and now I can''t find it!? T_T Might need to rebuy. Just from what I gathered watching my cousin play, the game is fantastic.",Infinite,360,Devil May Cry 4,Hack & Slash,N,,,
290,6007bab2a5cefca6c9947ed6,,,,N,183.0,21.0,"Beat on Regular difficulty. I thought the campaign was really fantastic. This was the first FPS I ever really played thoroughly, getting to 4th prestige (for whatever reason XD), but I had a good time with this game.",Beaten,360,Call of Duty: Black Ops,FPS,N,Actual,,
291,6007bab2a5cefca6c9947ed1,,,,N,,,,Beaten,Steam,VVVVVV,Platformer,N,,,
292,6007bab2a5cefca6c9947ed7,,,,N,204.0,2.0,"Master Prestige, Rank 6 Silver. I love CoD.",Beaten,360,Call of Duty: Black Ops II,FPS,N,Actual,,
293,6007bab2a5cefca6c9947ed3,2009-10-22 16:00:00,2009-10-22 16:00:00,2009-10-22 16:00:00,N,44.0,26.0,,Infinite,Wii,Wii Sports Resort,Sports,N,Actual,2009-10-22 16:00:00,
294,6007bab2a5cefca6c9947ebb,2013-07-17 16:00:00,2013-07-19 16:00:00,,N,,,,Beaten,Steam,Grand Theft Auto III,Action-adventure,N,,2013-07-17 16:00:00,
295,6007bab2a5cefca6c9947ede,,,,N,40.0,5.0,"Racenet Team Championship. DiRT 3 definitely wins for realistic car control, but the fireworks and amazing gameplay make me fall in love with this spinoff. Another awesome racing game.",Completed,360,DiRT Showdown,Racing,N,Actual,,
296,6007bab2a5cefca6c9947ed4,2009-12-25 16:00:00,2009-12-25 16:00:00,2016-12-31 16:00:00,N,60.0,8.0,,Completed,VC,Mario Golf,Sports,N,Actual,2009-12-25 16:00:00,
297,6007bab2a5cefca6c9947ec3,2013-11-24 16:00:00,2013-11-24 16:00:00,,N,,,,Beaten,Steam,Pinball FX2,Pinball,N,,2013-11-24 16:00:00,Paranormal Table
298,6007bab2a5cefca6c9947ec4,,,,N,,,,Beaten,Steam,Plain Sight,Action,N,,,
299,6007bab2a5cefca6c9947ebc,,,,N,,,,Beaten,Steam,Grand Theft Auto: San Andreas,Action-adventure,N,,,
300,6007bab2a5cefca6c9947ebe,,,,N,,,,Beaten,Steam,Half-Life 2,FPS,N,,,
301,6007bab2a5cefca6c9947ed0,,,,N,,,,Beaten,Steam,Turba,Puzzle,N,,,
302,6007bab2a5cefca6c9947edd,,,,N,67.0,13.0,"Rep 30, Fanbase 40. The best racing game I''ve played in a long, long time.",Completed,360,DiRT 3,Racing,N,Actual,,
303,6007bab2a5cefca6c9947ec8,2013-03-19 16:00:00,2013-03-19 16:00:00,,N,,,,Beaten,Steam,Puzzle Dimension,Puzzle,N,,2013-03-19 16:00:00,
304,6007bab2a5cefca6c9947ee3,,,,N,,,Beat arcade mode or something. Bleh. Not really a Street Fighter kind of player. It's an okay game. More fun to watch high-level players.,Beaten,360,Street Fighter IV,Fighting,N,,,
305,6007bab2a5cefca6c9947ec6,2013-07-10 16:00:00,2013-07-10 16:00:00,,N,,,,Beaten,Steam,Portal 2,Puzzle,N,,2013-07-10 16:00:00,
306,6007bab2a5cefca6c9947ee0,,,,N,62.0,26.0,1000 GS and 160 fragments in 62:26:16! :D,Completed,360,Final Fantasy XIII-2: Collector's Edition,JRPG,N,Actual,,
307,6007bab2a5cefca6c9947ed2,2013-11-24 16:00:00,2013-11-24 16:00:00,,N,,,,Beaten,Steam,Pinball FX2,Pinball,N,,2013-11-24 16:00:00,Zen Classics Pack
308,6007bab2a5cefca6c9947eca,,,,N,,,,Beaten,Steam,Rhythm Zone,Rhythm,N,,,
309,6007bab2a5cefca6c9947edc,,,,N,20.0,0.0,"Missions with Brando. XD After playing, 3, Showdown, and 1 in that order, 2 might actually be my favorite of them all. Even though I love all 4 in the series.",Completed,360,DiRT 2,Racing,N,Actual,,
310,6007bab2a5cefca6c9947ec9,,,,N,,,,Beaten,Steam,QuantZ,Puzzle,N,,,
311,6007bab2a5cefca6c9947ebf,,,,N,,,,Infinite,Steam,Half-Life 2: Deathmatch,FPS,N,,,
312,6007bab2a5cefca6c9947ee2,,,,N,31.0,14.0,"Beat Arcade mode on Easy :P Worst game ever. Trololololololol XD such a rage game. Blast with friends, it''s really that simple. This game can and will make you hate things though.",Beaten,360,Marvel vs. Capcom 3: Fate of Two Worlds,Fighting,N,Actual,,
313,6007bab2a5cefca6c9947ecf,2013-03-08 16:00:00,2013-03-08 16:00:00,2018-01-07 16:00:00,N,,,,Completed,Steam,Torchlight,Action RPG,N,,2013-03-08 16:00:00,
314,6007bab2a5cefca6c9947ed5,2009-12-25 16:00:00,2013-03-15 16:00:00,,N,28.0,43.0,,Beaten,VC,Mega Man 9,Platformer,N,Actual,2009-12-25 16:00:00,
315,6007bab2a5cefca6c9947ece,,,,N,,,,Beaten,Steam,Team Fortress 2,FPS,N,,,
316,6007bab2a5cefca6c9947ec0,2013-02-22 16:00:00,2013-02-22 16:00:00,,N,,,,Beaten,Steam,Half-Life 2: Episode One,FPS,N,,2013-02-22 16:00:00,
317,6007bab2a5cefca6c9947ec2,2012-11-23 16:00:00,2012-11-23 16:00:00,,N,,,,Beaten,Steam,Lumines,Puzzle,N,,2012-11-23 16:00:00,
318,6007bab2a5cefca6c9947ed8,,,,N,11.0,14.0,Woohoo! Black Ops and MW3 are still my games of choice.,Beaten,360,Call of Duty: Modern Warfare 2,FPS,N,Actual,,
319,6007bab2a5cefca6c9947ed9,,,,N,151.0,13.0,"6th prestige, level 41. Really cool campaign. Can''t wait to finish the first two games now so I know what just happened. XD",Beaten,360,Call of Duty: Modern Warfare 3,FPS,N,Actual,,
320,6007bab2a5cefca6c9947ecd,,,,N,,,,Beaten,Steam,Super Laser Racer,Racing,N,,,
321,6007bab2a5cefca6c9947ec5,,,,N,,,,Beaten,Steam,Portal,Puzzle,N,,,
322,6007bab2a5cefca6c9947ee1,2012-12-03 16:00:00,2012-12-05 16:00:00,2012-12-07 16:00:00,N,28.0,50.0,"Yellow 25 in multiplayer. Horrible collision, excellent and fun game, DLC costs way too much and I''m not paying for it.",Completed,360,Forza Horizon,Racing,N,Actual,2012-12-03 16:00:00,
323,6007bab2a5cefca6c9947ee5,,,,N,5.0,12.0,I don't play this game. XD RAGE.,Beaten,360,Ultimate Marvel vs. Capcom 3,Fighting,N,Actual,,
324,6007bab2a5cefca6c9947ee4,,,,N,0.0,31.0,"Beat something. Bleh, I''m not much of a Tekken player. But I love Eddy!",Beaten,360,Tekken 6,Fighting,N,Actual,,
325,6007bab2a5cefca6c9947ee7,2010-01-01 16:00:00,2010-01-01 16:00:00,2010-01-01 16:00:00,N,32.0,52.0,,Infinite,Wii,Wii Fit Plus,Simulation,N,Actual,2010-01-01 16:00:00,
326,6007bab2a5cefca6c9947ee6,,,,N,13.0,9.0,"#1 Rank! :D Still need the other half of the achievements. I actually prefer the gameplay of the original Virtua Tennis for Dreamcast, but the career mode in this game is quite well done.",Beaten,360,Virtua Tennis 3,Sports,N,Actual,,
327,6007bab2a5cefca6c9947eeb,,,,N,,,,Completed,XBLA,Ms. PAC-MAN,Maze,N,,,
328,6007bab2a5cefca6c9947ee8,,,,N,,,,Completed,XBLA,Crazy Taxi,Racing,N,,,
329,6007bab2a5cefca6c9947eea,,,,N,,,,Beaten,XBLA,Happy Wars,Action,N,,,
330,6007bab2a5cefca6c9947ee9,,,,N,,,,Completed,XBLA,Daytona USA,Racing,N,,,
331,6007bab2a5cefca6c9947eec,,,,N,,,,Completed,XBLA,PAC-MAN Championship Edition DX+,Maze,N,,,
332,6007bab2a5cefca6c9947eed,,,,N,30.0,56.0,,Completed,XBLA,Sonic Adventure DX: Director's Cut,Platformer,N,Actual,,
333,6007bab2a5cefca6c9947eee,,,,N,,,,Infinite,Droid,Pokemon GO,Augmented reality,N,,,
334,6007bab2a5cefca6c9947eef,2010-05-26 16:00:00,2010-06-05 16:00:00,2013-05-26 16:00:00,N,37.0,30.0,,Completed,Wii,Super Mario Galaxy 2,Platformer,N,Actual,2010-05-26 16:00:00,
335,6007bab2a5cefca6c9947ef4,2010-12-25 16:00:00,2013-04-12 16:00:00,,N,24.0,5.0,,Beaten,Wii,Metroid Prime 3: Corruption,Metroidvania,N,Actual,2010-12-25 16:00:00,
336,6007bab2a5cefca6c9947ef1,,,,N,,,Waiting for the Void.,Beaten,BNet,StarCraft II: Heart of the Swarm,Real-time strategy,N,,,
337,6007bab2a5cefca6c9947ef6,,,,N,,,,Infinite,VCH,Donkey Kong Jr.,Platformer,N,,,
338,6007bab2a5cefca6c9947ef5,,,,N,,,,Infinite,VCH,Balloon Fight,Platformer,N,,,
339,6007bab2a5cefca6c9947ef2,,,,N,,,Haven't started.,Not Started,BNet,StarCraft II: Legacy of the Void,Real-time strategy,N,,,
340,6007bab2a5cefca6c9947efa,,,,N,,,,Beaten,VCH,F-Zero: Maximum Velocity,Racing,N,,,
341,6007bab2a5cefca6c9947ef9,,,,N,24.0,10.0,,Beaten,VCH,Fire Emblem: The Sacred Stones,Turn-based tactics,N,Actual,,
342,6007bab2a5cefca6c9947efb,,,,N,,,,Infinite,VCH,Ice Climber,Platformer,N,,,
343,6007bab2a5cefca6c9947ef8,2013-07-10 16:00:00,2013-07-10 16:00:00,2013-11-08 16:00:00,N,,,"All hats! :D StreetPass games, yay! This''ll always be a classic.",Completed,3DS,Find Mii 2,RPG,N,,2013-07-10 16:00:00,
344,6007bab2a5cefca6c9947ef7,2013-07-10 16:00:00,2013-07-10 16:00:00,2013-07-10 16:00:00,N,,,Got all the helmets!,Completed,3DS,Find Mii,RPG,N,,2013-07-10 16:00:00,
345,6007bab2a5cefca6c9947ef0,2010-06-28 16:00:00,2010-06-28 16:00:00,,N,2.0,28.0,,Beaten,Wii,New Super Mario Bros. Wii,Platformer,N,Actual,2010-06-28 16:00:00,
346,6007bab2a5cefca6c9947ef3,,,,N,,,ggwp. Definitely back into StarCraft. ^_^,Beaten,BNet,StarCraft II: Wings of Liberty,Real-time strategy,N,,,
347,6007bab2a5cefca6c9947efc,,,,N,6.0,20.0,,Completed,VCH,Kirby & The Amazing Mirror,Platformer,N,Actual,,
348,6007bab2a5cefca6c9947efd,2020-11-24 12:00:00,,,N,,,,Not Started,3DS,Mario & Luigi: Bowser's Inside Story,RPG,N,,,
349,6007bab2a5cefca6c9947eff,,,,N,5.0,46.0,,Completed,VCH,Mario Golf,Sports,N,Actual,,
350,6007bab2a5cefca6c9947f00,2012-11-25 16:00:00,2012-11-25 16:00:00,,N,1.0,47.0,,Beaten,VCH,Mario Kart: Super Circuit,Racing,N,Actual,2012-11-25 16:00:00,
351,6007bab2a5cefca6c9947efe,,,,N,,,30 stars.,Beaten,3DS,Mario and Donkey Kong: Minis on the Move,Puzzle,N,,,
352,6007bab2a5cefca6c9947f01,,,,N,4.0,20.0,,Beaten,VCH,Mario vs. Donkey Kong,Puzzle,N,Actual,,
353,6007bab2a5cefca6c9947f02,,,,N,2.0,23.0,,Completed,VCH,Mega Man,Platformer,N,Actual,,
354,6007bab2a5cefca6c9947f03,2013-03-12 16:00:00,2013-03-15 16:00:00,,N,5.0,8.0,,Beaten,VCH,Metroid,Metroidvania,N,Actual,2013-03-12 16:00:00,
355,6007bab2a5cefca6c9947f04,2013-01-29 16:00:00,2013-02-06 16:00:00,,N,10.0,47.0,,Beaten,VCH,Metroid Fusion,Metroidvania,N,Actual,2013-01-29 16:00:00,
356,6007bab2a5cefca6c9947f05,2013-11-01 16:00:00,2013-11-06 16:00:00,2014-01-27 16:00:00,N,,,Hard Arcade mode. Shmup with streetpasses. PERFECT.,Completed,3DS,Mii Force,Shoot 'em up,N,,2013-11-01 16:00:00,
357,6007bab2a5cefca6c9947f07,,,,N,,,,Beaten,VCH,NES Open Tournament Golf,Sports,N,,,
358,6007bab2a5cefca6c9947f06,2013-11-01 16:00:00,2013-12-05 16:00:00,2014-03-17 16:00:00,N,,,Thanks BB!,Completed,3DS,Monster Manor,Puzzle,N,,2013-11-01 16:00:00,
359,6007bab2a5cefca6c9947f08,2014-12-02 16:00:00,2015-04-04 16:00:00,,N,26.0,57.0,Battle Resort! Champion in 17:00!,Beaten,3DS,Pokemon Omega Ruby,RPG,N,Actual,2014-12-02 16:00:00,
360,6007bab2a5cefca6c9947f0a,2013-02-06 16:00:00,2013-02-06 16:00:00,2013-02-06 16:00:00,N,,,,Completed,VCH,Super Mario Bros.,Platformer,N,,2013-02-06 16:00:00,
361,6007bab2a5cefca6c9947f09,2013-07-10 16:00:00,2013-07-10 16:00:00,2013-11-13 16:00:00,N,188.0,,929/929.,Completed,3DS,Puzzle Swap,Puzzle,N,Actual,2013-07-10 16:00:00,
362,6007bab2a5cefca6c9947f0b,,,,N,7.0,11.0,,Beaten,VCH,The Legend of Zelda,Action-adventure,N,Actual,,
363,6007bab2a5cefca6c9947f0d,,,,N,13.0,18.0,,Beaten,VCH,The Legend of Zelda: The Minish Cap,Action-adventure,N,Actual,,
364,6007bab2a5cefca6c9947f0c,,,,N,18.0,51.0,"Silver keys + 5 medals. You don''t know how many medals of courage I stole from people as a 5th grader. XD So when I realized that this was a FREE DOWNLOAD, I freaked out. One of the best multiplayer games ever.",Beaten,3DS,The Legend of Zelda: Four Swords 25th Anniversary Edition,Action-adventure,N,Actual,,
365,6007bab2a5cefca6c9947f10,,,,N,,,,Beaten,VCH,"Wario Ware, Inc. Mega Microgame$!",Rhythm,N,,,
366,6007bab2a5cefca6c9947f0f,2012-12-07 16:00:00,,,N,8.0,28.0,,Beaten,VCH,Wario Land 4,Platformer,N,Actual,2012-12-07 16:00:00,
367,6007bab2a5cefca6c9947f0e,2015-11-18 16:00:00,2015-11-18 16:00:00,,N,16.0,23.0,Outfits.,Beaten,3DS,The Legend of Zelda: Tri-Force Heroes,Action-adventure,N,Actual,2015-11-18 16:00:00,
368,6007bab2a5cefca6c9947f11,2013-11-01 16:00:00,2013-11-29 16:00:00,2014-09-12 16:00:00,N,,,IT'S OVER.,Completed,3DS,Warrior's Way,Simulation,N,,2013-11-01 16:00:00,
369,6007bab2a5cefca6c9947f13,,,,N,,,,Infinite,VCH,Yoshi,Puzzle,N,,,
370,6007bab2a5cefca6c9947f12,,,,N,,,,Infinite,VCH,Wrecking Crew,Platformer,N,,,
371,6007bab2a5cefca6c9947f15,,,,N,7.0,54.0,,Beaten,VCH,Zelda II: The Adventure of Link,Action-adventure,N,Actual,,
372,6007bab2a5cefca6c9947f19,2012-12-11 16:00:00,2013-02-14 16:00:00,,N,11.0,18.0,"I''ve never played a game like this before, and it was very, very sweet.",Beaten,360,Assassin's Creed III,Stealth,N,Actual,2012-12-26 16:00:00,
373,6007bab2a5cefca6c9947f18,2012-11-28 16:00:00,,,N,,,,Beaten,XBLA,Hexic HD,Puzzle,N,,,
374,6007bab2a5cefca6c9947f16,,,,N,,,,Beaten,PS3,Asura's Wrath,Beat 'em up,N,,,
375,6007bab2a5cefca6c9947f14,2012-12-21 16:00:00,2012-12-21 16:00:00,,N,7.0,47.0,,Beaten,VCH,Yoshi's Island: Super Mario Advance 3,Platformer,N,Actual,2012-12-21 16:00:00,
376,6007bab2a5cefca6c9947f17,,,,N,,,,Beaten,PS3,Twisted Metal,Vehicular combat,N,,,
377,6007bab2a5cefca6c9947f1c,2012-12-20 16:00:00,,,N,,,,Completed,GBA,Super Mario Advance: Super Mario Bros. 2,Platformer,N,,,
378,6007bab2a5cefca6c9947f1b,2012-12-20 16:00:00,,,N,,,,Beaten,SNES,Kirby's Avalanche,Puzzle,N,,,
379,6007bab2a5cefca6c9947f1a,2012-12-20 16:00:00,,,N,,,,Beaten,SNES,Donkey Kong Country,Platformer,N,,,
380,6007bab2a5cefca6c9947f1e,2012-12-20 16:00:00,,,N,,,,Completed,NES,Super Mario Bros. 3,Platformer,N,,,
381,6007bab2a5cefca6c9947f1d,2012-12-20 16:00:00,,,N,,,,Completed,NES,Super Mario Bros. 2,Platformer,N,,,
382,6007bab2a5cefca6c9947f20,2012-12-25 16:00:00,2013-01-01 16:00:00,2013-01-03 16:00:00,N,29.0,4.0,8/8 super flags in 29:04! Absolute joy to play. Paper Mario strikes again!,Completed,3DS,Paper Mario: Sticker Star,RPG,N,Actual,2012-12-25 16:00:00,
383,6007bab2a5cefca6c9947f1f,2012-12-20 16:00:00,,,N,,,,Completed,SNES,Super Mario World 2: Yoshi's Island,Platformer,N,,,
384,6007bab2a5cefca6c9947f39,2013-07-26 16:00:00,2013-08-02 16:00:00,,N,5.0,30.0,"Fun stuff! Gonna work on completion soon. Typical Sonic game. Pretty easy to learn, hard to master. This one''s a bit generous in terms of difficulty, but extremely fun and something I look forward to playing again.",Beaten,360,Sonic Generations,Platformer,N,Actual,2013-08-01 16:00:00,
385,6007bab2a5cefca6c9947f2b,2013-04-01 16:00:00,2013-06-05 16:00:00,2013-06-07 16:00:00,N,28.0,30.0,Level 23 multiplayer. Other than Virgin Media Endurance on Very Hard (aka impossible) this was a very enjoyable game. Time to wait for DiRT 4!,Completed,360,GRID 2,Racing,N,Actual,2013-05-28 16:00:00,
386,6007bab2a5cefca6c9947f31,2013-07-10 16:00:00,,,N,,,,Infinite,PC,Audiosurf,Rhythm,N,,,
387,6007bab2a5cefca6c9947f30,2013-07-08 16:00:00,,,N,,,,Infinite,PC,TrackMania Nations Forever,Racing,N,,,
388,6007bab2a5cefca6c9947f32,2013-07-10 16:00:00,,,N,,,,Infinite,PC,Combat Arms,FPS,N,,,
389,6007bab2a5cefca6c9947f29,2013-03-29 16:00:00,2013-04-07 16:00:00,,N,,,,Beaten,Steam,DiRT 2,Racing,N,,2013-04-07 16:00:00,
390,6007bab2a5cefca6c9947f25,2013-02-14 16:00:00,,,N,,,,Infinite,PC,Superstar V8 Next Challenge,Racing,N,,,
391,6007bab2a5cefca6c9947f21,2012-12-26 16:00:00,2013-01-16 16:00:00,,N,,,Won R1 championship. Very solid racing game. Nearly perfect...just needs more track variety. Got very stale after season 3.,Beaten,360,Forza Motorsport 3,Racing,N,,2013-01-16 16:00:00,
392,6007bab2a5cefca6c9947f3d,2013-08-15 16:00:00,2013-09-08 16:00:00,,N,,,,Beaten,Steam,Burnout Paradise: The Ultimate Box,Racing,N,,2013-08-17 16:00:00,
393,6007bab2a5cefca6c9947f3c,2013-08-14 16:00:00,,,N,,,,Infinite,Steam,DOTA 2,MOBA,N,,,
394,6007bab2a5cefca6c9947f2f,2013-07-07 16:00:00,2013-12-07 16:00:00,2014-01-29 16:00:00,N,183.0,45.0,Level 56 Gunzerker.,Completed,360,Borderlands 2,FPS,N,Actual,2013-07-12 16:00:00,
395,6007bab2a5cefca6c9947f24,2013-02-08 16:00:00,,,N,,,,Infinite,PC,Zombies.,Action,N,,,
396,6007bab2a5cefca6c9947f28,2013-03-23 16:00:00,,,N,,,,Infinite,PC,Tetris Battle,Puzzle,N,,,
397,6007bab2a5cefca6c9947f2a,2013-04-01 16:00:00,2013-07-16 16:00:00,,N,,,"Finished the game on Casual. Man...Casual was plenty tough enough for me. XD Great game, makes me want to play the sequels...",Beaten,360,Gears of War,TPS,N,,2013-07-10 16:00:00,
398,6007bab2a5cefca6c9947f41,2013-09-20 16:00:00,2013-09-25 16:00:00,2013-09-27 16:00:00,N,,,,Completed,Steam,PAC-MAN Championship Edition DX+,Maze,N,,2013-09-25 16:00:00,
399,6007bab2a5cefca6c9947f38,2013-07-16 16:00:00,2013-11-04 16:00:00,,N,10.0,37.0,"AC3 is better, but this was a fantastic game as well. ^_^",Beaten,360,Assassin's Creed II,Stealth,N,Actual,2013-08-15 16:00:00,
400,6007bab2a5cefca6c9947f3f,2013-08-15 16:00:00,2013-10-05 16:00:00,,N,,,,Beaten,Steam,Mirror's Edge,Platformer,N,,2013-09-24 16:00:00,
401,6007bab2a5cefca6c9947f48,2013-11-24 16:00:00,2013-11-24 16:00:00,,N,,,,Beaten,Steam,Pinball FX2,Pinball,N,,2013-11-24 16:00:00,Marvel Pinball: Original Pack
402,6007bab2a5cefca6c9947f2d,2013-04-19 16:00:00,2013-04-21 16:00:00,2014-04-24 16:00:00,N,19.0,58.0,,Completed,XBLA,Trials Evolution,Racing,N,Actual,2013-04-21 16:00:00,
403,6007bab2a5cefca6c9947f3a,2013-08-02 16:00:00,2013-08-31 16:00:00,,N,,,"Thanks for the help Alex! Pretty fun game, if not a bit frustrating at times.",Beaten,360,Crackdown,TPS,N,,2013-08-31 16:00:00,
404,6007bab2a5cefca6c9947f22,2013-01-29 16:00:00,2013-02-24 16:00:00,2013-02-24 16:00:00,N,,,,Completed,Steam,Half-Life 2: Lost Coast,FPS,N,,2013-02-24 16:00:00,
405,6007bab2a5cefca6c9947f46,2013-11-24 16:00:00,2013-11-24 16:00:00,,N,,,,Beaten,Steam,Pinball FX2,Pinball,N,,2013-11-24 16:00:00,Epic Quest Table
406,6007bab2a5cefca6c9947f3b,2013-08-04 16:00:00,2013-08-05 16:00:00,2014-04-27 16:00:00,N,,,,Completed,Steam,Super Meat Boy,Platformer,N,,2013-08-05 16:00:00,
407,6007bab2a5cefca6c9947f26,2013-02-17 16:00:00,2013-02-17 16:00:00,,N,,,,Beaten,XBLA,Mega Man 10,Platformer,N,,2013-02-17 16:00:00,
408,6007bab2a5cefca6c9947f33,2013-07-10 16:00:00,,,N,,,,Beaten,PC,Grand Chase,MMORPG,N,,,
409,6007bab2a5cefca6c9947f36,2013-07-10 16:00:00,,,N,,,,Infinite,PC,Stepmania,Rhythm,N,,,
410,6007bab2a5cefca6c9947f47,2013-11-24 16:00:00,2013-11-24 16:00:00,,N,,,,Beaten,Steam,Pinball FX2,Pinball,N,,2013-11-24 16:00:00,Marvel Pinball: Avengers Chronicles Pack
411,6007bab2a5cefca6c9947f3e,2013-08-15 16:00:00,2013-09-24 16:00:00,,N,,,,Beaten,Steam,Medal of Honor,FPS,N,,2013-09-22 16:00:00,
412,6007bab2a5cefca6c9947f2e,2013-06-07 16:00:00,2013-10-04 16:00:00,,N,,,,Infinite,Steam,Torchlight II,Action RPG,N,,2013-06-09 16:00:00,
413,6007bab2a5cefca6c9947f43,2013-10-01 16:00:00,2013-10-14 16:00:00,,N,158.0,36.0,"Inspired by the World Championships...28/50 in a row is my best so far. Kalos Champion in 31:21! Honestly, I never thought I''d play a game like Silver again. That perfect, polished feeling. The level curve could have been more challenging, but in the end, the multiplayer additions more than make up for it.",Beaten,3DS,Pokemon Y,RPG,N,Actual,2013-10-12 16:00:00,
414,6007bab2a5cefca6c9947f34,2013-07-10 16:00:00,,,N,,,,Infinite,PC,Gunbound Revolution,Turn-based strategy,N,,,
415,6007bab2a5cefca6c9947f40,2013-08-23 16:00:00,2013-09-18 16:00:00,,N,45.0,11.0,,Beaten,NDS,Pokemon White,RPG,N,Actual,2013-09-03 16:00:00,
416,6007bab2a5cefca6c9947f23,2013-02-05 16:00:00,2013-02-05 16:00:00,,N,,,,Beaten,WinStr,Taptiles,Puzzle,N,,2013-02-05 16:00:00,
417,6007bab2a5cefca6c9947f27,2013-03-02 16:00:00,2013-03-10 16:00:00,,N,,,"Legend is the final goal...Glitched achievement, GG. Completely different racing style from DiRT and Forza, but enjoyable. Not a fan of majorly glitched games, however.",Completed,360,GRID,Racing,N,,2013-03-03 16:00:00,
418,6007bab2a5cefca6c9947f42,2013-09-23 16:00:00,2013-09-27 16:00:00,2013-10-01 16:00:00,N,,,,Completed,PS2,Dance Dance Revolution Extreme,Rhythm,N,,2013-09-27 16:00:00,
419,6007bab2a5cefca6c9947f2c,2013-04-18 16:00:00,2013-04-19 16:00:00,,N,,,,Beaten,XBLA,Tony Hawk's Pro Skater HD,Sports,N,,2013-04-19 16:00:00,
420,6007bab2a5cefca6c9947f45,2013-11-18 16:00:00,2013-11-28 16:00:00,,N,16.0,17.0,"Going for completion on Hero Mode. Awesome, awesome game. Hero Mode should make it a lot more challenging!",Beaten,3DS,The Legend of Zelda: A Link Between Worlds,Action-adventure,N,Actual,2013-11-24 16:00:00,
421,6007bab2a5cefca6c9947f44,2013-11-01 16:00:00,2013-11-13 16:00:00,2014-01-15 16:00:00,N,,,Missing about 100 colors. All plants. My 2nd favorite streetpass game. Fun!,Completed,3DS,Flower Town,Simulation,N,,2013-11-13 16:00:00,
422,6007bab2a5cefca6c9947f35,2013-07-10 16:00:00,,,N,,,,Infinite,PC,Kart Rider,Racing,N,,,
423,6007bab2a5cefca6c9947f37,2013-07-10 16:00:00,,,N,,,,Infinite,PC,Virtual Pool 2,Sports,N,,,
424,6007bab2a5cefca6c9947f4a,2013-11-28 16:00:00,2013-12-08 16:00:00,,N,,,,Beaten,Steam,Dark Souls: Prepare to Die Edition,Action RPG,N,,2013-11-28 16:00:00,
425,6007bab2a5cefca6c9947f49,2013-11-24 16:00:00,2013-11-24 16:00:00,,N,,,,Beaten,Steam,Pinball FX2,Pinball,N,,2013-11-24 16:00:00,Star Wars Pack
426,6007bab2a5cefca6c9947f4d,2013-12-03 16:00:00,,,N,,,,Infinite,BNet,Hearthstone: Heroes of Warcraft,TCG,N,,,
427,6007bab2a5cefca6c9947f4c,2013-12-02 16:00:00,2014-04-15 16:00:00,,N,,,,Beaten,Steam,Dust: An Elysian Tail,Action RPG,N,,2014-04-12 16:00:00,
428,6007bab2a5cefca6c9947f4b,2013-11-29 16:00:00,2014-06-17 16:00:00,,N,33.0,34.0,Finished the game on Classic Hard.,Beaten,3DS,Fire Emblem: Awakening,Turn-based tactics,N,Actual,2014-06-17 16:00:00,
429,6007bab2a5cefca6c9947f4e,2013-12-07 16:00:00,2014-01-31 16:00:00,2017-11-05 16:00:00,N,,,,Completed,Steam,Borderlands: Game of the Year Edition,FPS,N,,2013-12-26 16:00:00,
430,6007bab2a5cefca6c9947f54,2014-01-31 16:00:00,2014-03-12 16:00:00,2017-12-03 16:00:00,N,,,,Completed,Steam,DiRT Showdown,Racing,N,,2014-03-12 16:00:00,
431,6007bab2a5cefca6c9947f55,2014-01-31 16:00:00,2014-02-18 16:00:00,,N,22.0,38.0,It took 22 hours to end the world. XD,Beaten,360,Lightning Returns: Final Fantasy XIII,JRPG,N,Actual,2014-02-13 16:00:00,
432,6007bab2a5cefca6c9947f4f,2013-12-17 16:00:00,2014-03-29 16:00:00,2014-09-07 16:00:00,N,82.0,15.0,Everything.,Completed,3DS,Bravely Default,JRPG,N,Actual,2014-02-12 16:00:00,
433,6007bab2a5cefca6c9947f52,2014-01-02 16:00:00,2014-01-30 16:00:00,,N,,,,Beaten,Steam,TrackMania 2: Stadium,Racing,N,,2014-01-30 16:00:00,
434,6007bab2a5cefca6c9947f50,2013-12-25 16:00:00,2013-12-28 16:00:00,,N,7.0,54.0,Traded in.,Beaten,3DS,Mario Party: Island Tour,Party,N,Actual,2013-12-25 16:00:00,
435,6007bab2a5cefca6c9947f51,2014-01-01 16:00:00,2014-04-11 16:00:00,,N,,,,Beaten,Steam,Valdis Story: Abyssal City,Metroidvania,N,,2014-03-12 16:00:00,
436,6007bab2a5cefca6c9947f53,2014-01-31 16:00:00,2014-03-08 16:00:00,,N,,,,Beaten,Steam,DiRT 3,Racing,N,,2014-03-08 16:00:00,
437,6007bab2a5cefca6c9947f57,2014-02-16 16:00:00,2014-02-16 16:00:00,2014-06-01 16:00:00,N,,,,Completed,PS4,RESOGUN,Shoot 'em up,N,,2014-02-16 16:00:00,
438,6007bab2a5cefca6c9947f58,2014-04-18 16:00:00,2014-04-18 16:00:00,,N,,,,Beaten,PS4,Trials Fusion,Racing,N,,2014-04-18 16:00:00,
439,6007bab2a5cefca6c9947f56,2014-02-05 16:00:00,2014-02-05 16:00:00,2014-03-07 16:00:00,N,,,,Completed,PS2,DDRMAX2: Dance Dance Revolution,Rhythm,N,,2014-02-05 16:00:00,
440,6007bab2a5cefca6c9947f5c,2014-04-22 16:00:00,,,N,,,,Infinite,Steam,Operation Flashpoint: Red River,FPS,N,,,
441,6007bab2a5cefca6c9947f5b,2014-04-22 16:00:00,,,N,,,,Infinite,Steam,Operation Flashpoint: Dragon Rising,FPS,N,,,
442,6007bab2a5cefca6c9947f59,2014-04-22 16:00:00,,,N,,,,Infinite,Steam,Grand Theft Auto 2,Action-adventure,N,,,
443,6007bab2a5cefca6c9947f5a,2014-04-22 16:00:00,2019-11-09 16:00:00,2019-11-10 16:00:00,N,,,,Completed,Steam,Wreckfest,Racing,N,,2014-11-13 16:00:00,
444,6007bab2a5cefca6c9947f5d,2014-04-22 16:00:00,,,N,,,,Infinite,Steam,Overlord,Action RPG,N,,,
445,6007bab2a5cefca6c9947f5f,2014-04-22 16:00:00,,,N,,,,Infinite,Steam,Stonehearth,Simulation,N,,,
446,6007bab2a5cefca6c9947f5e,2014-04-22 16:00:00,,,N,,,,Infinite,Steam,Overlord II,Action RPG,N,,,
447,6007bab2a5cefca6c9947f63,2014-05-19 16:00:00,2014-06-10 16:00:00,,N,,,,Beaten,PC,Diablo II,Action RPG,N,,2014-06-05 16:00:00,
448,6007bab2a5cefca6c9947f61,2014-05-12 16:00:00,,,N,,,,Infinite,BNet,Heroes of the Storm,MOBA,N,,,
449,6007bab2a5cefca6c9947f60,2014-04-22 16:00:00,,,N,,,,Infinite,Steam,Stormrise,Real-time tactics,N,,,
450,6007bab2a5cefca6c9947f62,2014-05-12 16:00:00,2014-06-13 16:00:00,,N,,,,Beaten,Origin,Plants vs. Zombies: Game of the Year Edition,Real-time strategy,N,,2014-06-04 16:00:00,
451,6007bab2a5cefca6c9947f65,2014-06-02 16:00:00,2014-07-09 16:00:00,2014-07-12 16:00:00,N,,,,Completed,BNet,Diablo III,Action RPG,N,,2014-06-21 16:00:00,
452,6007bab2a5cefca6c9947f64,2014-05-28 16:00:00,2014-07-29 16:00:00,,N,,,,Beaten,Steam,Bastion,Action RPG,N,,2014-07-27 16:00:00,
453,6007bab2a5cefca6c9947f66,2014-06-20 16:00:00,2014-08-07 16:00:00,2014-08-07 16:00:00,N,,,,Completed,Droid,Trials Frontier,Racing,N,,2014-08-07 16:00:00,
454,6007bab2a5cefca6c9947f68,2014-06-22 16:00:00,2014-07-04 16:00:00,,N,,,,Beaten,Steam,Peggle Nights,Puzzle,N,,2014-06-25 16:00:00,
455,6007bab2a5cefca6c9947f69,2014-06-25 16:00:00,,,N,,,,Infinite,PC,Pokemon Trading Card Game Online,TCG,N,,,
456,6007bab2a5cefca6c9947f6a,2014-07-03 16:00:00,,,N,,,,Infinite,Steam,Rise of the Argonauts,Action RPG,N,,,
457,6007bab2a5cefca6c9947f67,2014-06-22 16:00:00,2014-06-25 16:00:00,,N,,,,Beaten,Steam,Peggle Deluxe,Puzzle,N,,2014-06-25 16:00:00,
458,6007bab2a5cefca6c9947f6d,2014-08-20 16:00:00,2015-10-30 16:00:00,,N,24.0,54.0,,Beaten,PS,Final Fantasy Tactics,Turn-based tactics,N,Actual,2015-10-30 16:00:00,
459,6007bab2a5cefca6c9947f6c,2014-08-20 16:00:00,,,N,6.0,26.0,,Started,PS2,Devil May Cry 3,Hack & Slash,N,Actual,,
460,6007bab2a5cefca6c9947f6b,2014-08-20 16:00:00,,,N,,,,Started,PS,Chrono Cross,JRPG,N,,,
461,6007bab2a5cefca6c9947f70,2014-08-21 16:00:00,2014-08-26 16:00:00,,N,,,,Beaten,PS4,FEZ,Platformer,N,,2014-08-26 16:00:00,
462,6007bab2a5cefca6c9947f6e,2014-08-20 16:00:00,,,N,,,,Started,Steam,Star Wars: Knights of the Old Republic,Action RPG,N,,,
463,6007bab2a5cefca6c9947f6f,2014-08-20 16:00:00,2018-09-28 16:00:00,,N,,,,Beaten,Steam,The Elder Scrolls V: Skyrim,Action RPG,N,,2018-09-01 16:00:00,
464,6007bab2a5cefca6c9947f72,2020-11-24 12:00:00,,,N,,,,Not Started,XB1,Code Vein,JRPG,N,,,
465,6007bab2a5cefca6c9947f71,2015-11-14 16:00:00,,,N,,,,Started,PS4,Bloodborne,Action RPG,N,,2015-11-14 16:00:00,
466,6007bab2a5cefca6c9947f74,2019-06-07 16:00:00,,,N,,,,Not Started,PS4,I Am Setsuna,JRPG,N,,,
467,6007bab2a5cefca6c9947f73,2020-12-24 12:00:00,,,N,,,Xmas gift from Brando =],Not Started,PS4,Final Fantasy VII,JRPG,N,,,
468,6007bab2a5cefca6c9947f75,2019-11-24 16:00:00,2020-05-10 16:00:00,2020-05-15 16:00:00,N,57.0,25.0,All achievements on Proud.,Completed,XB1,Kingdom Hearts III,Action RPG,N,Actual,2020-05-07 16:00:00,
469,6007bab2a5cefca6c9947f76,,,,N,,,,Wish List,PS4,Naruto to Boruto: Shinobi Striker,Fighting,N,,,
470,6007bab2a5cefca6c9947f77,2019-06-07 16:00:00,,,N,,,,Not Started,PS4,Ni no Kuni II,JRPG,N,,,
471,6007bab2a5cefca6c9947f78,,,,N,,,,Infinite,PS4,Overwatch,FPS,N,,,
472,6007bab2a5cefca6c9947f7d,2014-09-27 16:00:00,,,N,,,,Started,Steam,Crypt of the NecroDancer,Rhythm,N,,2015-03-18 16:00:00,
473,6007bab2a5cefca6c9947f7e,2014-10-02 16:00:00,2014-10-07 16:00:00,,N,9.0,32.0,Almost done with Challenges page 2.,Beaten,3DS,Super Smash Bros. for Nintendo 3DS,Fighting,N,Actual,2014-10-07 16:00:00,
474,6007bab2a5cefca6c9947f7a,2019-06-07 16:00:00,,,N,,,,Not Started,PS4,Spider-Man,Action RPG,N,,,
475,6007bab2a5cefca6c9947f79,,,,N,,,,Wish List,PS4,Shenmue III,Action-adventure,N,,,
476,6007bab2a5cefca6c9947f7c,2014-09-11 16:00:00,2014-09-16 16:00:00,,N,,,,Beaten,PS4,Destiny,FPS,N,,2014-09-16 16:00:00,
477,6007bab2a5cefca6c9947f7f,2014-10-07 16:00:00,2014-10-12 16:00:00,2014-12-04 16:00:00,N,,,,Completed,PS4,DRIVECLUB,Racing,N,,2014-10-11 16:00:00,
478,6007bab2a5cefca6c9947f82,2014-11-16 16:00:00,,,N,,,,Infinite,Steam,Final Fantasy XIV: A Realm Reborn,JRPG,N,,,
479,6007bab2a5cefca6c9947f81,2014-11-13 16:00:00,,,N,,,,Not Started,Steam,Injustice: Gods Among Us Ultimate Edition,Fighting,N,,,
480,6007bab2a5cefca6c9947f85,2014-12-31 16:00:00,2015-07-28 16:00:00,,N,,,,Beaten,PS4,Lara Croft and the Temple of Osiris,Action-adventure,N,,2015-07-28 16:00:00,
481,6007bab2a5cefca6c9947f7b,,,,N,,,,Wish List,PS4,Star Ocean: Integrity and Faithlessness,JRPG,N,,,
482,6007bab2a5cefca6c9947f80,2014-11-13 16:00:00,,,N,,,,Not Started,Steam,Gauntlet,Hack & Slash,N,,,
483,6007bab2a5cefca6c9947f84,2014-12-27 16:00:00,2014-12-31 16:00:00,2016-01-02 16:00:00,N,,,,Completed,PS4,Peggle 2,Puzzle,N,,2014-12-27 16:00:00,
484,6007bab2a5cefca6c9947f86,2015-03-18 16:00:00,2016-05-13 16:00:00,,N,20.0,30.0,Optional stuff.,Beaten,3DS,The Legend of Zelda: Majora's Mask 3D,Action-adventure,N,Actual,2015-03-18 16:00:00,
485,6007bab2a5cefca6c9947f89,2015-03-31 16:00:00,2015-12-29 16:00:00,2015-12-29 16:00:00,N,,,,Completed,PS4,Final Fantasy Type-0 HD,Action RPG,N,,2015-06-04 16:00:00,
486,6007bab2a5cefca6c9947f9d,2015-07-12 16:00:00,,,N,,,,Not Started,Steam,RollerCoaster Tycoon 3: Platinum!,Simulation,N,,,
487,6007bab2a5cefca6c9947fa9,2015-11-14 16:00:00,2015-11-21 16:00:00,2015-12-13 16:00:00,N,,,,Completed,PS4,Star Wars Battlefront,TPS,N,,2015-11-14 16:00:00,
488,6007bab2a5cefca6c9947f99,2015-07-12 16:00:00,2015-10-31 16:00:00,,N,,,,Beaten,Steam,Need for Speed: Hot Pursuit,Racing,N,,2015-10-31 16:00:00,
489,6007bab2a5cefca6c9947f87,2015-03-31 16:00:00,2015-10-27 16:00:00,2015-11-14 16:00:00,N,,,,Completed,PS4,Borderlands 2,FPS,N,,2015-03-31 16:00:00,
490,6007bab2a5cefca6c9947fa5,2015-08-11 16:00:00,2015-08-11 16:00:00,2015-08-11 16:00:00,N,,,,Completed,PS4,Rocket League,Sports,N,,2015-08-11 16:00:00,
491,6007bab2a5cefca6c9947fa0,2015-07-12 16:00:00,,,N,,,,Not Started,Steam,Shadowrun: Dragonfall - Director's Cut,Turn-based tactics,N,,,
492,6007bab2a5cefca6c9947fa3,2015-07-12 16:00:00,,,N,,,,Not Started,Steam,Trine 2,Platformer,N,,,
493,6007bab2a5cefca6c9947f8a,2015-04-11 16:00:00,2015-10-16 16:00:00,,N,,,,Beaten,Steam,Jet Set Radio,Platformer,N,,2015-04-11 16:00:00,
494,6007bab2a5cefca6c9947fa6,2015-08-30 16:00:00,2015-11-14 16:00:00,,N,,,"24/26 rare zombies, 21/22 tickets.",Beaten,3DS,Battleground Z,Beat 'em up,Y,,2015-08-30 16:00:00,
495,6007bab2a5cefca6c9947f8e,2015-07-12 16:00:00,2015-07-12 16:00:00,2015-07-12 16:00:00,N,,,,Completed,Steam,Antichamber,Puzzle,N,,2015-07-12 16:00:00,
496,6007bab2a5cefca6c9947f98,2015-07-12 16:00:00,,,N,,,,Not Started,Steam,Magicite,RPG,N,,,
497,6007bab2a5cefca6c9947f9f,2015-07-12 16:00:00,,,N,,,,Not Started,Steam,Shadowrun Returns,Turn-based tactics,N,,,
498,6007bab2a5cefca6c9947fac,2015-12-19 16:00:00,2015-12-19 16:00:00,2015-12-23 16:00:00,N,,,,Completed,PS4,Sportsfriends,Party,N,,2015-12-19 16:00:00,
499,6007bab2a5cefca6c9947faa,2015-12-02 16:00:00,,,N,,,,Not Started,PS4,Dragon Age: Inquisition,Action RPG,N,,,
500,6007bab2a5cefca6c9947f9a,2015-07-12 16:00:00,,,N,,,,Not Started,Steam,One Finger Death Punch,Beat 'em up,N,,,
501,6007bab2a5cefca6c9947fa1,2015-07-12 16:00:00,2015-07-26 16:00:00,,N,,,,Beaten,Steam,The Legend of Korra,Beat 'em up,N,,2015-07-26 16:00:00,
502,6007bab2a5cefca6c9947fa4,2015-07-12 16:00:00,,,N,,,,Not Started,Steam,Ys Origin,JRPG,N,,,
503,6007bab2a5cefca6c9947fa2,2015-07-12 16:00:00,,,N,,,,Not Started,Steam,Transistor,Action RPG,N,,,
504,6007bab2a5cefca6c9947f8d,2015-07-12 16:00:00,,,N,,,,Not Started,Steam,A Story About My Uncle,Platformer,N,,,
505,6007bab2a5cefca6c9947f9e,2015-07-12 16:00:00,,,N,,,,Not Started,Steam,Screencheat,FPS,N,,,
506,6007bab2a5cefca6c9947f83,2014-11-29 16:00:00,2017-02-12 16:00:00,,N,,,,Beaten,Steam,Grid Autosport,Racing,N,,2014-12-02 16:00:00,
507,6007bab2a5cefca6c9947fa8,2015-09-01 16:00:00,,,N,,,,Not Started,Steam,Mighty Gunvolt,Platformer,N,,,
508,6007bab2a5cefca6c9947f96,2015-07-12 16:00:00,,,N,,,,Not Started,Steam,Hero Siege,Hack & Slash,N,,,
509,6007bab2a5cefca6c9947f88,2015-03-31 16:00:00,2015-10-18 16:00:00,2016-01-31 16:00:00,N,,,,Completed,PS4,Borderlands: The Pre-Sequel,FPS,N,,2015-10-18 16:00:00,
510,6007bab2a5cefca6c9947f91,2015-07-12 16:00:00,,,N,,,,Not Started,Steam,Darksiders II,Hack & Slash,N,,,
511,6007bab2a5cefca6c9947f94,2015-07-12 16:00:00,,,N,,,,Not Started,Steam,FEZ,Platformer,N,,,
512,6007bab2a5cefca6c9947f97,2015-07-12 16:00:00,,,N,,,,Not Started,Steam,Ikaruga,Shoot 'em up,N,,,
513,6007bab2a5cefca6c9947f9c,2015-07-12 16:00:00,,,N,,,,Not Started,Steam,Robot Roller-Derby Disco Dodgeball,Sports,N,,,
514,6007bab2a5cefca6c9947f8f,2015-07-12 16:00:00,,,N,,,,Not Started,Steam,Brothers - A Tale of Two Sons,Action-adventure,N,,,
515,6007bab2a5cefca6c9947fa7,2015-08-30 16:00:00,2016-12-23 16:00:00,,N,,,"8/9 islands, 140/160 species, 20/22 tickets.",Beaten,3DS,Ultimate Angler,Sports,Y,,2015-08-30 16:00:00,
516,6007bab2a5cefca6c9947f8b,2015-05-25 16:00:00,,,N,,,,Not Started,Steam,Valkyria Chronicles,Tactical RPG,N,,,
517,6007bab2a5cefca6c9947f93,2015-07-12 16:00:00,,,N,,,,Started,Steam,Epic Battle Fantasy 4,RPG,N,,2015-10-16 16:00:00,
518,6007bab2a5cefca6c9947f95,2015-07-12 16:00:00,,,N,,,,Started,Steam,Freedom Planet,Platformer,N,,2015-10-16 16:00:00,
519,6007bab2a5cefca6c9947f90,2015-07-12 16:00:00,,,N,,,,Not Started,Steam,Darksiders,Hack & Slash,N,,,
520,6007bab2a5cefca6c9947fab,2015-12-09 16:00:00,2015-12-13 16:00:00,2015-12-23 16:00:00,N,,,,Completed,PS4,Gauntlet: Slayer Edition,Hack & Slash,N,,2015-12-09 16:00:00,
521,6007bab2a5cefca6c9947fad,2015-12-27 16:00:00,2015-12-31 16:00:00,2016-01-01 16:00:00,N,,,,Completed,PS4,DRIVECLUB BIKES,Racing,N,,2015-12-27 16:00:00,
522,6007bab2a5cefca6c9947f9b,2015-07-12 16:00:00,,,N,,,,Not Started,Steam,Risk of Rain,Platformer,N,,,
523,6007bab2a5cefca6c9947f8c,2015-06-11 16:00:00,2015-10-18 16:00:00,2015-10-24 16:00:00,N,,,,Completed,Steam,Tales from the Borderlands,Adventure,N,,2015-10-18 16:00:00,
524,6007bab2a5cefca6c9947f92,2015-07-12 16:00:00,,,N,,,,Not Started,Steam,Dragon Age: Origins - Ultimate Edition,RPG,N,,,
525,6007bab2a5cefca6c9947faf,2016-01-02 16:00:00,,,N,,,,Not Started,PS4,Dark Souls II: Scholar of the First Sin,Action RPG,N,,,
526,6007bab2a5cefca6c9947fae,2016-01-01 16:00:00,2016-01-06 16:00:00,,N,,,,Beaten,Steam,ibb & obb,Platformer,N,,2016-01-01 16:00:00,
527,6007bab2a5cefca6c9947fb2,2016-02-05 16:00:00,2017-03-21 16:00:00,2018-01-11 16:00:00,N,,,,Completed,PS4,Project Cars,Racing,N,,2016-02-05 16:00:00,
528,6007bab2a5cefca6c9947fb1,2016-02-05 16:00:00,2016-02-21 16:00:00,2016-02-24 16:00:00,N,,,,Completed,PS4,Need for Speed,Racing,N,,2016-02-20 16:00:00,
529,6007bab2a5cefca6c9947fb0,2016-01-07 16:00:00,2016-01-17 16:00:00,,N,,,,Beaten,Steam,Orcs Must Die! 2,Tower defense,N,,2016-01-07 16:00:00,
530,6007bab2a5cefca6c9947fb4,2016-06-14 16:00:00,,,N,,,,Not Started,PS4,Mega Man Legacy Collection,Platformer,N,,,
531,6007bab2a5cefca6c9947fb3,2016-04-28 16:00:00,2016-06-12 16:00:00,,N,66.0,43.0,Beastiary and adventurer.,Beaten,3DS,Bravely Second,JRPG,N,Actual,2016-04-28 16:00:00,
532,6007bab2a5cefca6c9947fb7,2016-06-14 16:00:00,,,N,,,,Infinite,PS4,Tales of Zestiria,JRPG,N,,2017-09-22 16:00:00,
533,6007bab2a5cefca6c9947fb9,2016-07-20 16:00:00,2016-07-20 16:00:00,2016-07-21 16:00:00,N,92.0,13.0,,Completed,VC,Mario Tennis,Sports,N,Actual,2016-07-20 16:00:00,
534,6007bab2a5cefca6c9947fba,2016-09-19 16:00:00,,,N,,,,Not Started,Steam,Mighty No. 9,Platformer,N,,,
535,6007bab2a5cefca6c9947fb8,2016-06-29 16:00:00,2016-07-03 16:00:00,,N,,,,Beaten,Steam,DLC Quest,Platformer,N,,2016-06-29 16:00:00,
536,6007bab2a5cefca6c9947fb5,2016-06-14 16:00:00,2016-10-29 16:00:00,2016-10-30 16:00:00,N,,,,Completed,PS4,Need for Speed Rivals,Racing,N,,2016-10-29 16:00:00,
537,6007bab2a5cefca6c9947fb6,2016-06-14 16:00:00,,,N,,,,Not Started,PS4,Rayman Legends,Platformer,N,,,
538,6007bab2a5cefca6c9947fbc,2016-09-28 16:00:00,,,N,,,,Not Started,Steam,6180 the moon,Platformer,N,,,
539,6007bab2a5cefca6c9947fbe,2016-09-28 16:00:00,,,N,,,,Not Started,Steam,CastleStorm,Tower defense,N,,,
540,6007bab2a5cefca6c9947fbd,2016-09-28 16:00:00,,,N,,,,Not Started,Steam,Big Pharma,Simulation,N,,,
541,6007bab2a5cefca6c9947fbb,2016-09-28 16:00:00,,,N,,,,Not Started,Steam,1001 Spikes,Platformer,N,,,
542,6007bab2a5cefca6c9947fbf,2016-09-28 16:00:00,,,N,,,,Not Started,Steam,Chaos Reborn,Tactical RPG,N,,,
543,6007bab2a5cefca6c9947fc0,2016-09-28 16:00:00,,,N,,,,Not Started,Steam,Chariot,Platformer,N,,,
544,6007bab2a5cefca6c9947fc4,2016-09-28 16:00:00,,,N,,,,Not Started,Steam,Downwell,Action-adventure,N,,,
545,6007bab2a5cefca6c9947fc3,2016-09-28 16:00:00,,,N,,,,Not Started,Steam,DeadCore,Platformer,N,,,
546,6007bab2a5cefca6c9947fc2,2016-09-28 16:00:00,,,N,,,,Not Started,Steam,Darksiders II: Deathinitive Edition,Hack & Slash,N,,,
547,6007bab2a5cefca6c9947fc1,2016-09-28 16:00:00,,,N,,,,Not Started,Steam,Cloudbuilt,Platformer,N,,,
548,6007bab2a5cefca6c9947fc8,2016-09-28 16:00:00,,,N,,,,Not Started,Steam,Frozen Cortex,Turn-based tactics,N,,,
549,6007bab2a5cefca6c9947fc9,2016-09-28 16:00:00,,,N,,,,Not Started,Steam,Frozen Synapse,Turn-based tactics,N,,,
550,6007bab2a5cefca6c9947fc5,2016-09-28 16:00:00,,,N,,,,Not Started,Steam,EDGE,Platformer,N,,,
551,6007bab2a5cefca6c9947fc7,2016-09-28 16:00:00,,,N,,,,Not Started,Steam,Fairy Fencer F,JRPG,N,,,
552,6007bab2a5cefca6c9947fc6,2016-09-28 16:00:00,,,N,,,,Not Started,Steam,Electronic Super Joy,Platformer,N,,,
553,6007bab2a5cefca6c9947fce,2016-09-28 16:00:00,,,N,,,,Not Started,Steam,Half Minute Hero: The Second Coming,Real-time strategy,N,,,
554,6007bab2a5cefca6c9947fcd,2016-09-28 16:00:00,,,N,,,,Not Started,Steam,Half Minute Hero: Super Mega Neo Climax Ultimate Boy,Real-time strategy,N,,,
555,6007bab2a5cefca6c9947fcf,2016-09-28 16:00:00,,,N,,,,Not Started,Steam,Hell Yeah!,Metroidvania,N,,,
556,6007bab2a5cefca6c9947fca,2016-09-28 16:00:00,,,N,,,,Not Started,Steam,Full Bore,Platformer,N,,,
557,6007bab2a5cefca6c9947fd1,2016-09-28 16:00:00,,,N,,,,Not Started,Steam,Kingdom Rush,Tower defense,N,,,
558,6007bab2a5cefca6c9947fcb,2016-09-28 16:00:00,,,N,,,,Started,Steam,Geometry Dash,Platformer,Y,,2020-08-24 16:00:00,
559,6007bab2a5cefca6c9947fd2,2016-09-28 16:00:00,,,N,,,,Not Started,Steam,Knights of Pen and Paper +1,RPG,N,,,
560,6007bab2a5cefca6c9947fd0,2016-09-28 16:00:00,,,N,,,,Not Started,Steam,Kairo,Puzzle,N,,,
561,6007bab2a5cefca6c9947fcc,2016-09-28 16:00:00,,,N,,,,Not Started,Steam,Gurumin: A Monstrous Adventure,JRPG,N,,,
562,6007bab2a5cefca6c9947fd3,2016-09-28 16:00:00,,,N,,,,Not Started,Steam,Lethal League,Fighting,N,,,
563,6007bab2a5cefca6c9947fd5,2016-09-28 16:00:00,,,N,,,,Not Started,Steam,Megabyte Punch,Platformer,N,,,
564,6007bab2a5cefca6c9947fd4,2016-09-28 16:00:00,,,N,,,,Not Started,Steam,Lux Delux,Turn-based strategy,N,,,
565,6007bab2a5cefca6c9947fd6,2016-09-28 16:00:00,,,N,,,,Not Started,Steam,Monaco,Stealth,N,,,
566,6007bab2a5cefca6c9947fd8,2016-09-28 16:00:00,,,N,,,,Not Started,Steam,Out There Somewhere,Platformer,N,,,
567,6007bab2a5cefca6c9947fd7,2016-09-28 16:00:00,,,N,,,,Not Started,Steam,Orcs Must Die!,Tower defense,N,,,
568,6007bab2a5cefca6c9947ffb,2016-12-31 16:00:00,,,N,,,,Not Started,Steam,Kingdoms of Amalur: Reckoning,Action RPG,N,,,
569,6007bab2a5cefca6c9947ffa,2016-12-31 16:00:00,,,N,,,,Not Started,Steam,JumpJet Rex,Platformer,N,,,
570,6007bab2a5cefca6c9947fde,2016-09-28 16:00:00,,,N,,,,Not Started,Steam,Sanctum 2,Tower defense,N,,,
571,6007bab2a5cefca6c9947fdd,2016-09-28 16:00:00,,,N,,,,Not Started,Steam,Saints Row: The Third,Action-adventure,N,,,
572,6007bab2a5cefca6c9947ffc,2016-12-31 16:00:00,,,N,,,,Not Started,Steam,Mark of the Ninja: Special Edition,Stealth,N,,,
573,6007bab2a5cefca6c9947fdc,2016-09-28 16:00:00,,,N,,,,Not Started,Steam,RUSH,Racing,N,,,
574,6007bab2a5cefca6c9947ffd,2016-12-31 16:00:00,,,N,,,,Not Started,Steam,Tales of Symphonia,JRPG,N,,,
575,6007bab2a5cefca6c9947fda,2016-09-28 16:00:00,,,N,,,,Not Started,Steam,Qbeh-1: The Atlas Cube,Puzzle,N,,,
576,6007bab2a5cefca6c9947fdb,2016-09-28 16:00:00,,,N,,,,Not Started,Steam,Reassembly,Simulation,N,,,
577,6007bab2a5cefca6c9947ff9,2016-12-31 16:00:00,,,N,,,,Not Started,Steam,Bit Blaster XL,Shoot 'em up,N,,,
578,6007bab2a5cefca6c9947ff3,2016-10-29 16:00:00,2018-01-19 16:00:00,2018-04-13 16:00:00,N,,,S99,Completed,3DS,Slot Car Rivals,Racing,N,,2016-10-29 16:00:00,
579,6007bab2a5cefca6c9947ff8,2016-12-04 16:00:00,2016-12-23 16:00:00,,N,134.0,59.0,1st streak: two EQ misses. 2nd streak: Aurora Veil science. 3rd streak: Bruxish.,Beaten,3DS,Pokemon Moon,RPG,N,Actual,2016-12-04 16:00:00,
580,6007bab2a5cefca6c9947ff2,2016-10-29 16:00:00,2018-02-09 16:00:00,,N,,,"Wrapping up master run, 5/12 gold medals.",Beaten,3DS,Ninja Launcher,Simulation,Y,,2016-10-29 16:00:00,
581,6007bab2a5cefca6c9947ff6,2016-11-25 16:00:00,2017-07-21 16:00:00,2017-07-21 16:00:00,N,,,,Completed,PS4,DiRT Rally,Racing,N,,2016-11-25 16:00:00,
582,6007bab2a5cefca6c9947ff5,2016-11-04 16:00:00,2016-11-13 16:00:00,,N,19.0,16.0,,Beaten,VCH,Pokemon Red,RPG,N,Actual,2016-11-04 16:00:00,
583,6007bab2a5cefca6c9947fd9,2016-09-28 16:00:00,,,N,,,,Not Started,Steam,Polarity,Puzzle,N,,,
584,6007bab2a5cefca6c9947ff7,2016-11-25 16:00:00,,,N,,,,Started,PS4,PAC-MAN Championship Edition 2,Maze,N,,2017-02-18 16:00:00,
585,6007bab2a5cefca6c9947ff4,2016-11-04 16:00:00,2018-06-06 16:00:00,,N,,,,Beaten,VCH,Pokemon Blue,RPG,N,,2018-06-03 16:00:00,
586,6007bab2a5cefca6c9948001,2017-04-15 16:00:00,,,N,,,,Not Started,PS4,Uncharted: The Nathan Drake Collection,Action-adventure,N,,,
587,6007bab2a5cefca6c9947fe2,2016-09-28 16:00:00,,,N,,,,Not Started,Steam,Star Wars: Knights of the Old Republic II,Action RPG,N,,,
588,6007bab2a5cefca6c9947fe5,2016-09-28 16:00:00,,,N,,,,Not Started,Steam,Thomas Was Alone,Platformer,N,,,
589,6007bab2a5cefca6c994800a,2017-07-01 16:00:00,,,N,,,,Not Started,PS4,Kingdom Hearts Re:coded,Action RPG,N,,,
590,6007bab2a5cefca6c9947fe7,2016-09-28 16:00:00,,,N,,,,Not Started,Steam,Tiny Brains,Puzzle,N,,,
591,6007bab2a5cefca6c9947fe9,2016-09-28 16:00:00,,,N,,,,Not Started,Steam,Toki Tori 2+,Puzzle,N,,,
592,6007bab2a5cefca6c9948009,2017-07-01 16:00:00,,,N,,,,Not Started,PS4,Kingdom Hearts Re:Chain of Memories,Action RPG,N,,,
593,6007bab2a5cefca6c994800e,2017-07-01 16:00:00,,,N,,,,Infinite,PS4,Trackmania Turbo,Racing,N,,2017-08-22 16:00:00,
594,6007bab2a5cefca6c9947fef,2016-10-29 16:00:00,,,N,,,"Second of two playthroughs, 4 more recipes.",Started,3DS,Feed Mii,Simulation,Y,,2016-10-29 16:00:00,
595,6007bab2a5cefca6c9947fea,2016-09-28 16:00:00,,,N,,,,Not Started,Steam,TRI: Of Friendship and Madness,Puzzle,N,,,
596,6007bab2a5cefca6c9948002,2017-06-10 16:00:00,2017-06-24 16:00:00,2017-07-02 16:00:00,N,,,,Completed,PS4,DiRT 4,Racing,N,,2017-06-10 16:00:00,
597,6007bab2a5cefca6c9948007,2017-07-01 16:00:00,,,N,,,,Started,PS4,Kingdom Hearts FINAL MIX,Action RPG,Y,,2018-12-17 16:00:00,
598,6007bab2a5cefca6c9947ffe,2017-02-02 16:00:00,,,N,,,,Not Started,Steam,Disgaea PC,Turn-based tactics,N,,,
599,6007bab2a5cefca6c994800f,2017-08-22 16:00:00,2017-08-28 16:00:00,2018-01-24 16:00:00,N,115.0,0.0,,Completed,Switch,Mario Kart 8 Deluxe,Racing,N,Actual,2017-08-22 16:00:00,
600,6007bab2a5cefca6c9948003,2017-07-01 16:00:00,,,N,,,,Not Started,Steam,Burnstar,Puzzle,N,,,
601,6007bab2a5cefca6c9947fee,2016-10-22 16:00:00,,,N,,,,Started,Steam,Path of Exile,Action RPG,N,,2016-10-22 16:00:00,
602,6007bab2a5cefca6c9947fe8,2016-09-28 16:00:00,,,N,,,,Not Started,Steam,Toki Tori,Puzzle,N,,,
603,6007bab2a5cefca6c9947ff1,2016-10-29 16:00:00,2018-04-07 16:00:00,,N,,,69% / 54% / 60%,Beaten,3DS,Mii Trek,Simulation,Y,,2016-10-29 16:00:00,
604,6007bab2a5cefca6c9948008,2017-07-01 16:00:00,,,N,,,,Not Started,PS4,Kingdom Hearts II FINAL MIX,Action RPG,N,,,
605,6007bab2a5cefca6c9947fec,2016-09-28 16:00:00,2017-12-02 16:00:00,2017-12-02 16:00:00,N,,,,Completed,Steam,Worms Clan Wars,Turn-based strategy,N,,2017-11-30 16:00:00,
606,6007bab2a5cefca6c9948010,2017-09-16 16:00:00,2018-05-02 16:00:00,2018-05-10 16:00:00,N,5.0,0.0,,Completed,Switch,Snipperclips,Puzzle,N,Actual,2017-09-16 16:00:00,
607,6007bab2a5cefca6c9947fff,2017-02-06 16:00:00,2017-02-09 16:00:00,2017-02-09 16:00:00,N,,,,Completed,Droid,Fire Emblem: Heroes,Turn-based tactics,N,,2017-02-07 16:00:00,
608,6007bab2a5cefca6c9948006,2017-07-01 16:00:00,2018-12-14 16:00:00,,N,,,,Beaten,PS4,Kingdom Hearts Birth by Sleep FINAL MIX,Action RPG,N,,2018-11-30 16:00:00,
609,6007bab2a5cefca6c9948012,2017-10-09 16:00:00,2017-10-10 16:00:00,2017-10-10 16:00:00,N,,,,Completed,Steam,Absolute Drift,Racing,N,,2017-10-09 16:00:00,
610,6007bab2a5cefca6c994800d,2017-07-01 16:00:00,,,N,,,,Not Started,Steam,Stardew Valley,Simulation,N,,,
611,6007bab2a5cefca6c994800c,2017-07-01 16:00:00,,,N,,,,Not Started,Steam,Rivals of Aether,Fighting,N,,,
612,6007bab2a5cefca6c9947fe4,2016-09-28 16:00:00,,,N,,,,Not Started,Steam,The Last Federation,Turn-based tactics,N,,,
613,6007bab2a5cefca6c9948005,2017-07-01 16:00:00,,,N,,,,Not Started,PS4,Kingdom Hearts 358/2 Days,Action RPG,N,,,
614,6007bab2a5cefca6c9947fe1,2016-09-28 16:00:00,2016-10-14 16:00:00,2016-10-14 16:00:00,N,,,,Completed,Steam,Sonic Adventure DX,Platformer,N,,2016-09-28 16:00:00,
615,6007bab2a5cefca6c994800b,2017-07-01 16:00:00,2017-09-13 16:00:00,2017-09-16 16:00:00,N,,,,Completed,PS4,Ratchet & Clank,Platformer,N,,2017-08-29 16:00:00,
616,6007bab2a5cefca6c9947fe3,2016-09-28 16:00:00,,,N,,,,Infinite,Steam,Tabletop Simulator,Simulation,N,,,
617,6007bab2a5cefca6c9947fe6,2016-09-28 16:00:00,,,N,,,,Not Started,Steam,Timberman,Action,N,,,
618,6007bab2a5cefca6c9947fed,2016-10-05 16:00:00,2016-10-18 16:00:00,2017-02-26 16:00:00,N,,,,Completed,PC,Forza Horizon 3,Racing,N,,2016-10-05 16:00:00,
619,6007bab2a5cefca6c9947fe0,2016-09-28 16:00:00,,,N,,,,Not Started,Steam,Sonic Adventure 2,Platformer,N,,,
620,6007bab2a5cefca6c9947fdf,2016-09-28 16:00:00,,,N,,,,Not Started,Steam,Shattered Planet,RPG,N,,,
621,6007bab2a5cefca6c9947ff0,2016-10-29 16:00:00,2018-01-15 16:00:00,2018-04-29 16:00:00,N,,,All collectibles on 3/6/20.,Mastered,3DS,Market Crashers,Simulation,N,,2016-10-29 16:00:00,
622,6007bab2a5cefca6c9947feb,2016-09-28 16:00:00,,,N,,,,Not Started,Steam,Trine,Platformer,N,,,
623,6007bab2a5cefca6c9948000,2017-03-21 16:00:00,2017-05-20 16:00:00,2017-06-10 16:00:00,N,,,,Completed,PS4,Final Fantasy XV,JRPG,N,,2017-03-21 16:00:00,
624,6007bab2a5cefca6c9948004,2017-07-01 16:00:00,,,N,,,,Infinite,PS4,Disgaea 5: Alliance of Vengeance,Turn-based tactics,N,,2017-08-29 16:00:00,
625,6007bab2a5cefca6c9948011,2017-10-05 16:00:00,2017-10-09 16:00:00,,N,,,,Beaten,Droid,Super Mario Run,Platformer,N,,2017-10-05 16:00:00,
626,6007bab2a5cefca6c9948014,2019-11-28 16:00:00,2020-06-20 16:00:00,2020-06-27 16:00:00,N,20.0,0.0,,Completed,Switch,Captain Toad: Treasure Tracker,Puzzle,N,Actual,2020-06-20 16:00:00,
627,6007bab2a5cefca6c9948013,,,,N,,,,Wish List,Switch,Animal Crossing: New Horizons,Simulation,N,,,
628,6007bab2a5cefca6c9948015,2020-12-24 12:00:00,,,N,,,,Not Started,Switch,Chocobo's Mystery Dungeon: Every Buddy,RPG,N,,,
629,6007bab2a5cefca6c9948016,,,,N,,,,Wish List,Switch,Final Fantasy Crystal Chronicles,JRPG,N,,,
630,6007bab2a5cefca6c994801b,,,,N,,,,Wish List,Switch,Kirby Star Allies,Platformer,N,,,
631,6007bab2a5cefca6c994801f,,,,N,,,,Wish List,Switch,Oninaki,JRPG,N,,,
632,6007bab2a5cefca6c994801a,2020-12-24 12:00:00,,,N,,,Xmas gift from Brando =],Not Started,Switch,Killer Queen Black,Platformer,N,,,
633,6007bab2a5cefca6c994801c,,,,N,,,,Wish List,Switch,Luigi's Mansion 3,Action-adventure,N,,,
634,6007bab2a5cefca6c9948018,,,,N,,,,Wish List,Switch,Hyrule Warriors: Definitive Edition,Hack & Slash,N,,,
635,6007bab2a5cefca6c9948019,2019-10-19 16:00:00,,,N,,,,Started,Switch,Katamari Damacy REROLL,Puzzle,Y,,2020-07-31 16:00:00,
636,6007bab2a5cefca6c9948017,,,,N,,,,Wish List,Switch,Fire Emblem: Three Houses,Turn-based tactics,N,,,
637,6007bab2a5cefca6c994801e,2019-11-28 16:00:00,,,N,,,,Not Started,Switch,New Super Mario Bros. U Deluxe,Platformer,N,,,
638,6007bab2a5cefca6c994801d,2020-12-24 12:00:00,,,N,,,,Not Started,Switch,Monster Boy and the Cursed Kingdom,Platformer,N,,,
639,6007bab2a5cefca6c9948026,2017-11-15 16:00:00,,,N,,,,Infinite,Steam,Titan Quest Anniversary Edition,Action RPG,N,,2017-11-15 16:00:00,
640,6007bab2a5cefca6c9948025,2017-10-28 16:00:00,2018-11-12 16:00:00,,N,30.0,0.0,,Beaten,Switch,The Legend of Zelda: Breath of the Wild,Action-adventure,Y,Actual,2017-10-29 16:00:00,
641,6007bab2a5cefca6c9948021,,,,N,,,,Wish List,Switch,Super Meat Boy Forever,Platformer,N,,,
642,6007bab2a5cefca6c9948024,2017-10-28 16:00:00,2017-10-31 16:00:00,,N,65.0,0.0,,Infinite,Switch,Fire Emblem Warriors,Hack & Slash,N,Actual,2017-10-28 16:00:00,
643,6007bab2a5cefca6c9948020,,,,N,,,,Wish List,Switch,Super Mario Maker 2,Platformer,N,,,
644,6007bab2a5cefca6c9948027,2017-11-30 16:00:00,2018-03-06 16:00:00,2018-04-19 16:00:00,N,,,,Completed,PS4,Project Cars 2,Racing,N,,2017-11-30 16:00:00,
645,6007bab2a5cefca6c9948022,,,,N,,,,Wish List,Switch,The Legend of Zelda: Link's Awakening,Action-adventure,N,,,
646,6007bab2a5cefca6c9948023,,,,N,,,,Wish List,Switch,Town,Simulation,N,,,
647,6007bab2a5cefca6c9948028,2017-11-30 16:00:00,,,N,,,,Infinite,Steam,Town of Salem,RPG,N,,,
648,6007bab2a5cefca6c994802d,2018-03-11 16:00:00,2018-03-30 16:00:00,2018-03-30 16:00:00,N,15.0,0.0,,Completed,Switch,Golf Story,Sports,N,Actual,2018-03-11 16:00:00,
649,6007bab2a5cefca6c994802b,2017-12-31 16:00:00,,,N,,,,Not Started,Steam,Snakebird,Puzzle,N,,,
650,6007bab2a5cefca6c9948029,2017-12-31 16:00:00,,,N,,,,Not Started,Steam,Chroma Squad,Tactical RPG,N,,,
651,6007bab2a5cefca6c994802c,2017-12-31 16:00:00,,,N,,,,Infinite,Steam,Throne of Lies,RPG,N,,,
652,6007bab2a5cefca6c994802a,2017-12-31 16:00:00,,,N,,,,Not Started,Steam,ShellShock Live,Turn-based strategy,N,,,
653,6007bab2a5cefca6c994802e,2018-03-11 16:00:00,,,N,115.0,0.0,,Infinite,Switch,Rocket League,Sports,N,Actual,,
654,6007bab2a5cefca6c9948030,2018-04-28 16:00:00,2018-05-19 16:00:00,2018-05-28 16:00:00,N,,,,Completed,PS4,Burnout Paradise Remastered,Racing,N,,2018-05-13 16:00:00,
655,6007bab2a5cefca6c994802f,2018-03-11 16:00:00,2018-04-08 16:00:00,,N,5.0,0.0,,Beaten,Switch,SUPER BOMBERMAN R,Action,N,Actual,2018-04-08 16:00:00,
656,6007bab2a5cefca6c9948039,2018-06-23 16:00:00,2018-06-23 16:00:00,2018-06-23 16:00:00,N,30.0,0.0,,Completed,Switch,Mario Tennis Aces,Sports,N,Actual,2018-06-23 16:00:00,
657,6007bab2a5cefca6c9948035,2018-06-21 16:00:00,,,N,,,,Not Started,Steam,Assault Android Cactus,Shoot 'em up,N,,,
658,6007bab2a5cefca6c9948032,2018-05-20 16:00:00,,,N,,0.0,,Not Started,Switch,Wonder Boy: The Dragon's Trap,Platformer,N,,,
659,6007bab2a5cefca6c9948038,2018-06-21 16:00:00,,,N,,,,Started,Steam,Undertale,RPG,Y,,2019-11-15 16:00:00,
660,6007bab2a5cefca6c9948037,2018-06-21 16:00:00,,,N,,,,Not Started,Steam,Rayman Origins,Platformer,N,,,
661,6007bab2a5cefca6c9948033,2018-06-13 16:00:00,2019-05-14 16:00:00,,N,23.0,0.0,Multiplayer trophies will be tough...,Beaten,PS4,Gran Turismo Sport,Racing,N,Actual,2019-01-19 16:00:00,
662,6007bab2a5cefca6c994803a,2018-07-19 16:00:00,,,N,,,,Infinite,Steam,Beat Saber,Rhythm,N,,2018-07-19 16:00:00,
663,6007bab2a5cefca6c9948036,2018-06-21 16:00:00,,,N,,,,Not Started,Steam,Enter the Gungeon,Roguelike,N,,,
664,6007bab2a5cefca6c9948031,2018-05-10 16:00:00,,,N,,,,Infinite,PC,MapleStory 2,MMORPG,N,,,
665,6007bab2a5cefca6c9948034,2018-06-14 16:00:00,,,N,25.0,0.0,,Started,Switch,Splatoon 2,TPS,N,Actual,2018-06-14 16:00:00,
666,6007bab2a5cefca6c994803c,2018-09-30 16:00:00,,,N,,,,Not Started,Steam,Steredenn,Shoot 'em up,N,,,
667,6007bab2a5cefca6c994803b,2018-08-25 16:00:00,,,N,,,,Not Started,PS4,Horizon Zero Dawn: Complete Edition,Action RPG,N,,,
668,6007bab2a5cefca6c994803d,2018-10-02 16:00:00,2018-10-13 16:00:00,2018-11-30 16:00:00,N,,,Placements.,Completed,XB1,Forza Horizon 4,Racing,N,,2018-10-02 16:00:00,
669,6007bab2a5cefca6c994803e,2018-10-28 16:00:00,2018-10-30 16:00:00,,N,,,It's in the tray.,Beaten,XB1,Call of Duty: Black Ops 4,FPS,Y,,2018-10-30 16:00:00,
670,6007bab2a5cefca6c994803f,2018-10-29 16:00:00,2018-11-05 16:00:00,,N,,,Terrible event structure.,Beaten,XB1,Forza Horizon 2,Racing,N,,2018-10-31 16:00:00,
671,6007bab2a5cefca6c9948042,2018-11-23 16:00:00,,,N,,0.0,,Not Started,Switch,Okami HD,Action-adventure,N,,,
672,6007bab2a5cefca6c9948040,2018-11-03 16:00:00,,,N,,,,Not Started,PS4,STEEP,Sports,N,,,
673,6007bab2a5cefca6c9948044,2018-12-03 16:00:00,2018-12-05 16:00:00,,N,,,,Beaten,XB1,Gears of War 4,TPS,N,,2018-12-03 16:00:00,
674,6007bab2a5cefca6c9948041,2018-11-21 16:00:00,2018-11-24 16:00:00,2018-11-25 16:00:00,N,,,Gravely.,Completed,XB1,Gravel,Racing,N,,2018-11-24 16:00:00,
675,6007bab2a5cefca6c9948045,2018-12-16 16:00:00,,,N,15.0,0.0,,Started,Switch,Super Smash Bros. Ultimate,Fighting,Y,,2018-12-16 16:00:00,
676,6007bab2a5cefca6c9948046,2018-12-20 16:00:00,,,N,,,,Infinite,Steam,Cities: Skylines,Simulation,N,,,
677,6007bab2a5cefca6c9948048,2018-12-20 16:00:00,2020-08-27 16:00:00,,N,,,,Beaten,Steam,TINY METAL,Turn-based tactics,N,,2020-08-24 16:00:00,
678,6007bab2a5cefca6c9948043,2018-11-29 16:00:00,,,N,,,Crash!,Started,XB1,Crash Bandicoot N. Sane Trilogy,Platformer,Y,,2019-05-16 16:00:00,
679,6007bab2a5cefca6c9948047,2018-12-20 16:00:00,,,N,,,,Not Started,Steam,Momodora: Reverie Under the Moonlight,Metroidvania,N,,,
680,6007bab2a5cefca6c9948049,2018-12-28 16:00:00,2019-01-03 16:00:00,2019-01-06 16:00:00,N,30.0,0.0,,Completed,Switch,"Pokemon: Let''s Go, Pikachu!",RPG,N,,2018-12-28 16:00:00,
681,6007bab2a5cefca6c994804a,2019-01-09 16:00:00,,,N,,,,Not Started,Switch,Octopath Traveler,JRPG,N,,,
682,6007bab2a5cefca6c994804b,2019-01-09 16:00:00,2019-12-22 16:00:00,,N,10.0,0.0,,Beaten,Switch,Puyo Puyo Tetris,Puzzle,Y,,2019-12-21 16:00:00,
683,6007bab2a5cefca6c994804c,2019-01-09 16:00:00,,,N,,,,Started,Switch,Sonic Mania,Platformer,N,,2020-03-04 16:00:00,
684,6007bab2a5cefca6c9948050,2019-04-30 16:00:00,2020-11-19 16:00:00,2020-12-04 12:00:00,N,30.0,6.0,Co-opped!,Completed,Steam,A Hat in Time,Platformer,Y,Actual,2020-11-16 16:00:00,
685,6007bab2a5cefca6c994804f,2019-07-05 16:00:00,2020-05-18 16:00:00,2020-05-30 16:00:00,N,45.0,0.0,,Completed,Switch,Super Mario Odyssey,Platformer,Y,Actual,2019-07-05 16:00:00,
686,6007bab2a5cefca6c994804d,2019-02-13 16:00:00,2019-02-18 16:00:00,,N,1.0,0.0,First win on 2/18.,Infinite,Switch,Tetris 99,Puzzle,N,,2019-02-13 16:00:00,
687,6007bab2a5cefca6c9948059,2019-05-05 16:00:00,2019-05-05 16:00:00,2019-05-05 16:00:00,N,,,,Completed,PS1,Moto Racer,Racing,N,,2019-05-05 16:00:00,
688,6007bab2a5cefca6c994805d,2019-07-04 16:00:00,,,N,,,,Not Started,Steam,Sublevel Zero,Roguelike,N,,,
689,6007bab2a5cefca6c9948057,2019-06-07 16:00:00,2020-07-15 16:00:00,2020-07-29 16:00:00,N,77.0,51.0,,Completed,PS4,Final Fantasy XII: The Zodiac Age,JRPG,N,Actual,2020-07-07 16:00:00,
690,6007bab2a5cefca6c9948071,2019-11-28 16:00:00,2019-12-27 16:00:00,2019-12-27 16:00:00,N,15.0,0.0,,Completed,Switch,Collection of Mana,JRPG,N,,2019-12-24 16:00:00,Final Fantasy Adventure
691,6007bab2a5cefca6c994806a,2019-08-25 16:00:00,,,N,,,,Not Started,PS1,Time Crisis,Light gun shooter,N,,,
692,6007bab2a5cefca6c9948053,2019-04-30 16:00:00,,,N,,,,Not Started,PS4,The Last Guardian,Action-adventure,N,,,
693,6007bab2a5cefca6c994805c,2019-06-22 16:00:00,,,N,,,,Not Started,PS1,Virtual Pool,Sports,N,,,
694,6007bab2a5cefca6c9948062,2019-08-25 16:00:00,,,N,,,,Not Started,PS1,Test Drive 5,Racing,N,,,
695,6007bab2a5cefca6c994805b,2019-06-22 16:00:00,2019-07-07 16:00:00,2019-07-07 16:00:00,N,,,,Completed,PS1,Rally Cross 2,Racing,N,,2019-07-07 16:00:00,
696,6007bab2a5cefca6c9948073,2019-11-28 16:00:00,,,N,,,,Not Started,Switch,Collection of Mana,JRPG,N,,,Trials of Mana
697,6007bab2a5cefca6c994806b,2019-10-19 16:00:00,,,N,,,,Not Started,Switch,Death Road to Canada,Action RPG,N,,,
698,6007bab2a5cefca6c9948060,2019-07-19 16:00:00,2019-07-26 16:00:00,,N,55.0,0.0,,Beaten,Switch,MARVEL ULTIMATE ALLIANCE 3: The Black Order,Beat 'em up,Y,,2019-07-19 16:00:00,
699,6007bab2a5cefca6c9948076,2019-11-28 16:00:00,,,N,,,,Not Started,Switch,Mega Man 11,Platformer,N,,,
700,6007bab2a5cefca6c994806f,2019-11-28 16:00:00,,,N,,,,Not Started,Switch,Donkey Kong Country: Tropical Freeze,Platformer,N,,,
701,6007bab2a5cefca6c9948061,2019-08-25 16:00:00,,,N,,,,Not Started,PS1,Test Drive 4,Racing,N,,,
702,6007bab2a5cefca6c9948056,2019-06-07 16:00:00,2020-08-01 16:00:00,2020-08-08 16:00:00,N,29.0,23.0,,Completed,XB1,Spyro Reignited Trilogy,Platformer,N,Actual,2020-07-31 16:00:00,Spyro the Dragon
703,6007bab2a5cefca6c994806d,2019-11-24 16:00:00,2020-04-03 16:00:00,2020-04-14 16:00:00,N,,,,Completed,PS4,Borderlands 3,FPS,N,,2019-09-13 16:00:00,
704,6007bab2a5cefca6c994805e,2019-07-04 16:00:00,,,N,,,,Not Started,Steam,Golf With Your Friends,Sports,N,,,
705,6007bab2a5cefca6c994805f,2019-07-04 16:00:00,2019-11-02 16:00:00,2019-11-02 16:00:00,N,8.0,,,Completed,Steam,Slipstream,Racing,N,Actual,2019-10-31 16:00:00,
706,6007bab2a5cefca6c9948070,2019-11-28 16:00:00,,,N,,,,Not Started,Switch,Ni no Kuni: Wrath of the White Witch,JRPG,N,,,
707,6007bab2a5cefca6c994805a,2019-06-22 16:00:00,,,N,,,,Not Started,PS1,Moto Racer 2,Racing,N,,,
708,6007bab2a5cefca6c9948068,2019-08-25 16:00:00,,,N,,,,Not Started,PS2,Ratchet & Clank,Platformer,N,,,
709,6007bab2a5cefca6c994804e,2019-02-26 16:00:00,2019-03-16 16:00:00,2019-05-23 16:00:00,N,,,,Completed,XB1,DiRT Rally 2.0,Racing,N,,2019-02-26 16:00:00,
710,6007bab2a5cefca6c9948074,2019-11-28 16:00:00,,,N,,,,Started,XB1,Call of Duty: Modern Warfare,FPS,Y,,2019-12-15 16:00:00,
711,6007bab2a5cefca6c9948075,2019-11-28 16:00:00,2020-06-30 16:00:00,2020-07-03 16:00:00,N,50.0,0.0,,Completed,Switch,Mario + Rabbids Kingdom Battle,Turn-based tactics,N,Actual,2020-06-29 16:00:00,
712,6007bab2a5cefca6c9948051,2019-04-30 16:00:00,,,N,,,,Not Started,PS4,WORLD OF FINAL FANTASY,JRPG,N,,,
713,6007bab2a5cefca6c9948077,2019-11-28 16:00:00,,,N,,,,Not Started,Switch,The Liar Princess and the Blind Prince,Action-adventure,N,,,
714,6007bab2a5cefca6c9948064,2019-08-25 16:00:00,,,N,,,,Not Started,PS2,ATV Offroad Fury 2,Racing,N,,,
715,6007bab2a5cefca6c9948063,2019-08-25 16:00:00,,,N,,,,Not Started,PS1,Test Drive Off-Road,Racing,N,,,
716,6007bab2a5cefca6c9948069,2019-08-25 16:00:00,,,N,,,,Not Started,PS2,Need for Speed: Underground 2,Racing,N,,,
717,6007bab2a5cefca6c9948067,2019-08-25 16:00:00,,,N,,,,Not Started,PS2,Shadow of the Colossus,Action-adventure,N,,,
718,6007bab2a5cefca6c994806e,2019-11-24 16:00:00,2019-12-12 16:00:00,2019-12-12 16:00:00,N,,,,Completed,PS4,Wreckfest,Racing,N,,2019-12-01 16:00:00,
719,6007bab2a5cefca6c9948055,2019-06-07 16:00:00,,,N,,,,Not Started,PS4,Tetris Effect,Puzzle,N,,,
720,6007bab2a5cefca6c9948052,2019-04-30 16:00:00,2019-06-23 16:00:00,2019-07-10 16:00:00,N,,,,Completed,PS4,Everybody's Golf,Sports,N,,2019-06-17 16:00:00,
721,6007bab2a5cefca6c994806c,2019-10-31 16:00:00,2019-12-29 16:00:00,2019-12-29 16:00:00,N,3.0,0.0,,Completed,Switch,Golf Peaks,Puzzle,N,,2019-12-24 16:00:00,
722,6007bab2a5cefca6c9948072,2019-11-28 16:00:00,,,N,5.0,0.0,,Started,Switch,Collection of Mana,JRPG,Y,,2019-12-27 16:00:00,Secret of Mana
723,6007bab2a5cefca6c9948065,2019-08-25 16:00:00,,,N,,,,Not Started,PS2,ATV Offroad Fury 4,Racing,N,,,
724,6007bab2a5cefca6c9948054,2019-04-30 16:00:00,,,N,,,,Not Started,PS4,Brut@l,Roguelike,N,,,
725,6007bab2a5cefca6c9948058,2018-03-10 16:00:00,2020-06-28 16:00:00,,N,5.0,22.0,,Beaten,PS4,Wipeout Omega Collection,Racing,N,Actual,2019-06-23 16:00:00,
726,6007bab2a5cefca6c9948066,2019-08-25 16:00:00,,,N,,,,Not Started,PS2,SSX 3,Sports,N,,,
727,6007bab2a5cefca6c9948078,2020-05-27 16:00:00,2020-05-30 16:00:00,,N,,,Final boss killed himself.,Beaten,PC,Minecraft Dungeons,Action RPG,Y,,2020-05-27 16:00:00,
728,6007bab2a5cefca6c994807a,,,,N,,,,Wish List,XB1,The Legend of Wright,RPG,N,,,
729,6007bab2a5cefca6c994807b,2020-11-24 12:00:00,,,N,,,,Not Started,XB1,Star Wars Jedi: Fallen Order,Action-adventure,N,,,
730,6007bab2a5cefca6c994807c,,,,N,,,,Wish List,Switch,The Legend of Zelda: Breath of the Wild 2,Action-adventure,N,,,
731,6007bab2a5cefca6c9948079,,,,N,,,,Wish List,XB1,Cyberpunk 2077,RPG,N,,,
732,6007bab2a5cefca6c994807d,,,,N,,,,Wish List,XB1,The Last Remnant,JRPG,N,,,
733,6007bab2a5cefca6c994807e,,,,N,,,,Wish List,XB1,Circuit Superstars,Racing,N,,,
734,6007bab2a5cefca6c994807f,2020-12-24 12:00:00,,,N,,,Xmas gift from Brando =],Not Started,PS4,Marvel's Avengers,Action-adventure,N,,,
735,6007bab2a5cefca6c9948080,,,,N,,,,Wish List,XB1,Phantasy Star Online 2,JRPG,N,,,
736,6007bab2a5cefca6c9948081,2019-12-25 16:00:00,,,N,,,,Not Started,PS4,Anthem,TPS,N,,,
737,6007bab2a5cefca6c9948085,,,,N,,,,Wish List,Epic Games,The Pathless,Action-adventure,N,,,
738,6007bab2a5cefca6c9948082,2019-12-25 16:00:00,,,N,,,,Not Started,Switch,Pokemon Shield,RPG,N,,,
739,6007bab2a5cefca6c9948083,,,,N,,,,Wish List,Switch,Sakuna: Of Rice and Ruin,Simulation,N,,,
740,6007bab2a5cefca6c9948086,2020-04-11 16:00:00,,,N,,,Utility btw.,Infinite,PC,Valorant,FPS,N,,2020-04-16 16:00:00,
741,6007bab2a5cefca6c9948084,,,,N,,,,Wish List,PC,Elsie,Platformer,N,,,
742,6007bab2a5cefca6c994808a,2020-12-24 12:00:00,,,N,,,Xmas gift from Brando =],Not Started,Switch,Kingdom Hearts Melody of Memory,Rhythm,N,,,
743,6007bab2a5cefca6c9948088,2020-06-28 16:00:00,,,N,,,,Not Started,Steam,They Bleed Pixels,Platformer,N,,,
744,6007bab2a5cefca6c9948087,2020-06-28 16:00:00,,,N,,,,Not Started,Steam,Cave Story+,Platformer,N,,,
745,6007bab2a5cefca6c9948089,2020-06-28 16:00:00,,,N,,,,Not Started,Steam,Distance,Racing,N,,,
746,6007bab2a5cefca6c994808b,2020-08-10 16:00:00,2020-08-10 16:00:00,2020-08-23 16:00:00,N,86.0,0.0,,Completed,Steam,Fall Guys,Platformer,Y,Actual,2020-08-10 16:00:00,
747,6007bab2a5cefca6c994808c,2020-09-19 16:00:00,2020-11-04 16:00:00,2020-11-11 16:00:00,N,15.0,0.0,"Hanah left the game on, so playtime is artificially +190 hours.",Completed,Switch,Super Mario 3D All-Stars,Platformer,N,Actual,2020-11-02 16:00:00,Super Mario 64
748,6007bab2a5cefca6c994808d,2020-09-19 16:00:00,2020-11-24 12:00:00,2020-11-28 12:00:00,N,30.0,0.0,"Hanah left the game on, so playtime is artificially +190 hours.",Completed,Switch,Super Mario 3D All-Stars,Platformer,N,Actual,2020-11-11 16:00:00,Super Mario Sunshine
749,6007bab2a5cefca6c994808f,2020-11-24 12:00:00,,,N,,,,Not Started,3DS,Detective Pikachu,RPG,N,,,
750,6007bab2a5cefca6c994808e,2020-09-19 16:00:00,,,N,,,,Not Started,Switch,Super Mario 3D All-Stars,Platformer,N,,,Super Mario Galaxy
751,6007bab2a5cefca6c9948090,2020-11-24 12:00:00,,,N,,,,Not Started,3DSVC,The Legend of Zelda: Oracle of Ages,RPG,N,,,
752,6007bab2a5cefca6c9948095,2020-12-24 12:00:00,,,N,,,,Not Started,Switch,Mr. DRILLER DrillLand,Puzzle,N,,,
753,6007bab2a5cefca6c9948093,2020-12-23 12:00:00,,,N,,,,Not Started,Steam,Digimon Story Cyber Sleuth: Complete Edition,JRPG,N,,,
754,6007bab2a5cefca6c9948091,2020-11-24 12:00:00,,,N,,,,Not Started,3DSVC,The Legend of Zelda: Oracle of Seasons,RPG,N,,,
755,6007bab2a5cefca6c9948092,2020-11-06 12:00:00,2020-11-25 12:00:00,,N,,,,Beaten,Steam,DiRT 5,Racing,Y,,2020-11-06 12:00:00,
756,6007bab2a5cefca6c9948096,2020-12-31 12:00:00,,,N,,,Thanks Damien for the Xmas gift =],Not Started,Steam,Star Renegades,RPG,N,Actual,,
757,6007bab2a5cefca6c9948094,2020-12-24 12:00:00,,,N,,,,Not Started,Switch,Overcooked! 2,Party,N,,,
