,_id,a_nick,a_score,away,h_nick,h_score,home,playoff,season,week_e,week_s
0,5ff7dac2c8ee41edffd6155b,Danny,122.0,HTTR RGSkins,Mildred,126.0,Mildred's Redskins,0,2013,1,1
1,5ff7dac2c8ee41edffd61563,Debbie,66.0,Team Stonerock Bradford,Danny,98.0,HTTR RGSkins,0,2013,3,3
2,5ff7dac2c8ee41edffd61581,Neel,75.0,Team Reddy,Hardy,64.0,Can't Get It Up,0,2013,9,9
3,5ff7dac2c8ee41edffd61580,Danny,38.0,HTTR RGSkins,Tarpey,93.0,Happier Hour Baja Freezes,0,2013,9,9
4,5ff7dac2c8ee41edffd61568,Tommy,53.0,Eagles Will Fly,Mildred,103.0,Mildred's Redskins,0,2013,4,4
5,5ff7dac2c8ee41edffd6156a,Debbie,65.0,Team Stonerock Bradford,Bryant,-2.0,Team Sexbang,0,2013,4,4
6,5ff7dac2c8ee41edffd6156d,Bryant,0.0,Team Sexbang,Hardy,69.0,Can't Get It Up,0,2013,5,5
7,5ff7dac2c8ee41edffd61560,Hardy,60.0,Can't Get It Up,Mildred,61.0,Mildred's Redskins,0,2013,2,2
8,5ff7dac2c8ee41edffd61576,Bryant,-2.0,Team Sexbang,Tarpey,88.0,Happier Hour Baja Freezes,0,2013,7,7
9,5ff7dac2c8ee41edffd6155e,Brando,74.0,Rise Up?,Danny,112.0,HTTR RGSkins,0,2013,2,2
10,5ff7dac2c8ee41edffd6157b,Tarpey,104.0,Happier Hour Baja Freezes,Tommy,60.0,Eagles Will Fly,0,2013,8,8
11,5ff7dac2c8ee41edffd6156b,Christian,125.0,Cecil's Cargo Shorts,Neel,89.0,Team Reddy,0,2013,4,4
12,5ff7dac2c8ee41edffd6155d,Christian,102.0,Cecil's Cargo Shorts,Tarpey,50.0,Happier Hour Baja Freezes,0,2013,2,2
13,5ff7dac2c8ee41edffd61583,Bryant,0.0,Team Sexbang,Christian,102.0,Cecil's Cargo Shorts,0,2013,9,9
14,5ff7dac2c8ee41edffd61562,Mildred,68.0,Mildred's Redskins,Tarpey,92.0,Happier Hour Baja Freezes,0,2013,3,3
15,5ff7dac2c8ee41edffd61561,Bryant,5.0,Team Sexbang,Tommy,98.0,Eagles Will Fly,0,2013,2,2
16,5ff7dac2c8ee41edffd61571,Tarpey,49.0,Happier Hour Baja Freezes,Neel,110.0,Team Reddy,0,2013,6,6
17,5ff7dac2c8ee41edffd61567,Tarpey,134.0,Happier Hour Baja Freezes,Brando,107.0,Rise Up?,0,2013,4,4
18,5ff7dac2c8ee41edffd61558,Tarpey,125.0,Happier Hour Baja Freezes,Hardy,80.0,Can't Get It Up,0,2013,1,1
19,5ff7dac2c8ee41edffd6157c,Mildred,58.0,Mildred's Redskins,Neel,99.0,Team Reddy,0,2013,8,8
20,5ff7dac2c8ee41edffd61564,Tommy,96.0,Eagles Will Fly,Christian,76.0,Cecil's Cargo Shorts,0,2013,3,3
21,5ff7dac2c8ee41edffd6155f,Neel,105.0,Team Reddy,Debbie,78.0,Team Stonerock Bradford,0,2013,2,2
22,5ff7dac2c8ee41edffd61582,Mildred,64.0,Mildred's Redskins,Brando,69.0,Rise Up?,0,2013,9,9
23,5ff7dac2c8ee41edffd61586,Christian,86.0,Cecil's Cargo Shorts,Brando,86.0,Rise Up?,0,2013,10,10
24,5ff7dac2c8ee41edffd61596,Hardy,77.0,Can't Get It Up,Danny,130.0,HTTR RGSkins,0,2013,13,13
25,5ff7dac2c8ee41edffd61587,Debbie,92.0,Team Stonerock Bradford,Neel,91.0,Team Reddy,0,2013,10,10
26,5ff7dac2c8ee41edffd61595,Bryant,7.0,Team Sexbang,Mildred,56.0,Mildred's Redskins,0,2013,13,13
27,5ff7dac2c8ee41edffd61590,Tommy,23.0,Eagles Will Fly,Danny,103.0,HTTR RGSkins,0,2013,12,12
28,5ff7dac2c8ee41edffd61588,Mildred,101.0,Mildred's Redskins,Danny,77.0,HTTR RGSkins,0,2013,10,10
29,5ff7dac2c8ee41edffd61584,Tommy,66.0,Eagles Will Fly,Debbie,58.0,Team Stonerock Bradford,0,2013,9,9
30,5ff7dac2c8ee41edffd61594,Brando,106.0,Rise Up?,Tarpey,85.0,Happier Hour Baja Freezes,0,2013,13,13
31,5ff7dac2c8ee41edffd61591,Bryant,10.0,Team Sexbang,Debbie,78.0,Team Stonerock Bradford,0,2013,12,12
32,5ff7dac2c8ee41edffd61589,Tommy,54.0,Eagles Will Fly,Bryant,16.0,Team Sexbang,0,2013,10,10
33,5ff7dac2c8ee41edffd61585,Hardy,30.0,Can't Get It Up,Tarpey,84.0,Happier Hour Baja Freezes,0,2013,10,10
34,5ff7dac2c8ee41edffd6156e,Brando,121.0,Rise Up?,Mildred,61.0,Mildred's Redskins,0,2013,5,5
35,5ff7dac2c8ee41edffd61593,Neel,112.0,Team Reddy,Christian,114.0,Cecil's Cargo Shorts,0,2013,12,12
36,5ff7dac2c8ee41edffd6158f,Tarpey,93.0,Happier Hour Baja Freezes,Mildred,42.0,Mildred's Redskins,0,2013,12,12
37,5ff7dac2c8ee41edffd6158b,Danny,77.0,HTTR RGSkins,Brando,107.0,Rise Up?,0,2013,11,11
38,5ff7dac2c8ee41edffd6158d,Mildred,51.0,Mildred's Redskins,Hardy,82.0,Can't Get It Up,0,2013,11,11
39,5ff7dac2c8ee41edffd6158a,Debbie,79.0,Team Stonerock Bradford,Tarpey,96.0,Happier Hour Baja Freezes,0,2013,11,11
40,5ff7dac2c8ee41edffd6156c,Tarpey,115.0,Happier Hour Baja Freezes,Danny,85.0,HTTR RGSkins,0,2013,5,5
41,5ff7dac2c8ee41edffd61592,Brando,91.0,Rise Up?,Hardy,36.0,Can't Get It Up,0,2013,12,12
42,5ff7dac2c8ee41edffd61578,Christian,73.0,Cecil's Cargo Shorts,Mildred,82.0,Mildred's Redskins,0,2013,7,7
43,5ff7dac2c8ee41edffd61565,Hardy,62.0,Can't Get It Up,Brando,68.0,Rise Up?,0,2013,3,3
44,5ff7dac2c8ee41edffd6158e,Neel,101.0,Team Reddy,Bryant,0.0,Team Sexbang,0,2013,11,11
45,5ff7dac2c8ee41edffd6157f,Danny,56.0,HTTR RGSkins,Bryant,-2.0,Team Sexbang,0,2013,8,8
46,5ff7dac2c8ee41edffd6158c,Christian,104.0,Cecil's Cargo Shorts,Tommy,92.0,Eagles Will Fly,0,2013,11,11
47,5ff7dac2c8ee41edffd61572,Danny,64.0,HTTR RGSkins,Christian,132.0,Cecil's Cargo Shorts,0,2013,6,6
48,5ff7dac2c8ee41edffd61559,Neel,57.0,Team Reddy,Brando,76.0,Rise Up?,0,2013,1,1
49,5ff7dac2c8ee41edffd6157e,Brando,125.0,Rise Up?,Debbie,66.0,Team Stonerock Bradford,0,2013,8,8
50,5ff7dac2c8ee41edffd61573,Mildred,58.0,Mildred's Redskins,Debbie,117.0,Team Stonerock Bradford,0,2013,6,6
51,5ff7dac2c8ee41edffd61570,Christian,87.0,Cecil's Cargo Shorts,Debbie,73.0,Team Stonerock Bradford,0,2013,5,5
52,5ff7dac2c8ee41edffd61577,Neel,102.0,Team Reddy,Danny,92.0,HTTR RGSkins,0,2013,7,7
53,5ff7dac2c8ee41edffd6156f,Neel,93.0,Team Reddy,Tommy,76.0,Eagles Will Fly,0,2013,5,5
54,5ff7dac2c8ee41edffd6157d,Hardy,69.0,Can't Get It Up,Christian,86.0,Cecil's Cargo Shorts,0,2013,8,8
55,5ff7dac2c8ee41edffd6155a,Christian,106.0,Cecil's Cargo Shorts,Bryant,6.0,Team Sexbang,0,2013,1,1
56,5ff7dac2c8ee41edffd61569,Danny,116.0,HTTR RGSkins,Hardy,56.0,Can't Get It Up,0,2013,4,4
57,5ff7dac2c8ee41edffd61579,Debbie,105.0,Team Stonerock Bradford,Hardy,62.0,Can't Get It Up,0,2013,7,7
58,5ff7dac2c8ee41edffd61574,Hardy,111.0,Can't Get It Up,Tommy,72.0,Eagles Will Fly,0,2013,6,6
59,5ff7dac2c8ee41edffd6157a,Tommy,35.0,Eagles Will Fly,Brando,80.0,Rise Up?,0,2013,7,7
60,5ff7dac2c8ee41edffd6159e,Tarpey,235.0,Happier Hour Baja Freezes,Christian,163.0,Cecil's Cargo Shorts,1,2013,17,16
61,5ff7dac2c8ee41edffd6159f,Neel,159.0,Team Reddy,Brando,148.0,Rise Up?,2,2013,17,16
62,5ff7dac2c8ee41edffd615a0,Debbie,205.0,Team Stonerock Bradford,Danny,131.0,HTTR RGSkins,2,2013,17,16
63,5ff7dac2c8ee41edffd6159b,Mildred,131.0,Mildred's Redskins,Danny,154.0,HTTR RGSkins,2,2013,15,14
64,5ff7dac2c8ee41edffd61575,Brando,45.0,Rise Up?,Bryant,6.0,Team Sexbang,0,2013,6,6
65,5ff7dac2c8ee41edffd6159a,Neel,204.0,Team Reddy,Christian,263.0,Cecil's Cargo Shorts,1,2013,15,14
66,5ff7dac2c8ee41edffd61599,Tarpey,218.0,Happier Hour Baja Freezes,Brando,214.0,Rise Up?,1,2013,15,14
67,5ff7dac2c8ee41edffd6159c,Tommy,152.0,Eagles Will Fly,Debbie,165.0,Team Stonerock Bradford,2,2013,15,14
68,5ff7dac2c8ee41edffd61598,Debbie,88.0,Team Stonerock Bradford,Christian,118.0,Cecil's Cargo Shorts,0,2013,13,13
69,5ff7dac2c8ee41edffd6159d,Tommy,152.0,Eagles Will Fly,Debbie,165.0,Team Stonerock Bradford,2,2013,15,14
70,5ff7dac2c8ee41edffd61597,Tommy,44.0,Eagles Will Fly,Neel,94.0,Team Reddy,0,2013,13,13
71,5ff7dac2c8ee41edffd615a2,Bryant,4.0,Team Sexbang,Tommy,173.0,Eagles Will Fly,2,2013,17,16
72,5ff7dac2c8ee41edffd615a5,Ben,56.0,beckley poopers,Kindy,108.0,EdelMAN HE'S FINE!,0,2014,1,1
73,5ff7dac2c8ee41edffd615a1,Hardy,102.0,Can't Get It Up,Mildred,135.0,Mildred's Redskins,2,2013,17,16
74,5ff7dac2c8ee41edffd615ac,Conti,80.0,VA Beach Warriors,Mildred,98.0,Mildred's Redskins,0,2014,2,2
75,5ff7dac2c8ee41edffd615ad,Arthur,68.0,Winners Get Wings,Tommy,63.0,Eagles Will Fly,0,2014,2,2
76,5ff7dac2c8ee41edffd615a8,Tommy,74.0,Eagles Will Fly,Stephanie,76.0,team sneup,0,2014,1,1
77,5ff7dac2c8ee41edffd615aa,Tarpey,103.0,Happier Hour Baja Freezes,Ben,88.0,beckley poopers,0,2014,2,2
78,5ff7dac2c8ee41edffd615ab,Samik,50.0,Revis Island Manning Mashers,Kindy,125.0,EdelMAN HE'S FINE!,0,2014,2,2
79,5ff7dac2c8ee41edffd61566,Bryant,-2.0,Team Sexbang,Neel,82.0,Team Reddy,0,2013,3,3
80,5ff7dac2c8ee41edffd6155c,Debbie,123.0,Team Stonerock Bradford,Tommy,125.0,Eagles Will Fly,0,2013,1,1
81,5ff7dac2c8ee41edffd615ca,Kindy,61.0,EdelMAN HE'S FINE!,Tommy,21.0,Eagles Will Fly,0,2014,7,7
82,5ff7dac2c8ee41edffd615b8,Stephanie,116.0,team sneup,Mildred,85.0,Mildred's Redskins,0,2014,4,4
83,5ff7dac2c8ee41edffd615b7,Sendzik,100.0,Injured Like A Montee Ball,Tarpey,82.0,Happier Hour Baja Freezes,0,2014,4,4
84,5ff7dac2c8ee41edffd615b5,Kindy,80.0,EdelMAN HE'S FINE!,Brando,64.0,Rise Up?,0,2014,4,4
85,5ff7dac2c8ee41edffd615cc,Brando,106.0,Rise Up?,Debski,82.0,Rock Lobsters,0,2014,7,7
86,5ff7dac2c8ee41edffd615a4,Sendzik,106.0,Injured Like A Montee Ball,Samik,72.0,Revis Island Manning Mashers,0,2014,1,1
87,5ff7dac2c8ee41edffd615c4,Tommy,72.0,Eagles Will Fly,Ben,108.0,beckley poopers,0,2014,6,6
88,5ff7dac2c8ee41edffd615b6,Ben,66.0,beckley poopers,Samik,68.0,Revis Island Manning Mashers,0,2014,4,4
89,5ff7dac2c8ee41edffd615b4,Debski,101.0,Rock Lobsters,Arthur,51.0,Winners Get Wings,0,2014,3,3
90,5ff7dac2c8ee41edffd615c9,Ben,88.0,beckley poopers,Conti,70.0,VA Beach Warriors,0,2014,7,7
91,5ff7dac2c8ee41edffd615c5,Stephanie,82.0,team sneup,Kindy,94.0,EdelMAN HE'S FINE!,0,2014,6,6
92,5ff7dac2c8ee41edffd615bf,Arthur,73.0,Winners Get Wings,Stephanie,79.0,team sneup,0,2014,5,5
93,5ff7dac2c8ee41edffd615c8,Sendzik,70.0,Injured Like A Montee Ball,Arthur,86.0,Winners Get Wings,0,2014,7,7
94,5ff7dac2c8ee41edffd615c3,Conti,56.0,VA Beach Warriors,Sendzik,55.0,Injured Like A Montee Ball,0,2014,6,6
95,5ff7dac2c8ee41edffd615cb,Samik,118.0,Revis Island Manning Mashers,Stephanie,107.0,team sneup,0,2014,7,7
96,5ff7dac2c8ee41edffd615b9,Tommy,69.0,Eagles Will Fly,Debski,50.0,Rock Lobsters,0,2014,4,4
97,5ff7dac2c8ee41edffd615a3,Brando,95.0,Rise Up?,Tarpey,104.0,Happier Hour Baja Freezes,0,2014,1,1
98,5ff7dac2c8ee41edffd615c2,Arthur,91.0,Winners Get Wings,Tarpey,91.0,Happier Hour Baja Freezes,0,2014,6,6
99,5ff7dac2c8ee41edffd615bb,Brando,105.0,Rise Up?,Samik,86.0,Revis Island Manning Mashers,0,2014,5,5
100,5ff7dac2c8ee41edffd615be,Mildred,67.0,Mildred's Redskins,Debski,78.0,Rock Lobsters,0,2014,5,5
101,5ff7dac2c8ee41edffd615c7,Tarpey,77.0,Happier Hour Baja Freezes,Mildred,87.0,Mildred's Redskins,0,2014,7,7
102,5ff7dac2c8ee41edffd615c6,Debski,93.0,Rock Lobsters,Samik,105.0,Revis Island Manning Mashers,0,2014,6,6
103,5ff7dac2c8ee41edffd615ce,Arthur,96.0,Winners Get Wings,Ben,112.0,beckley poopers,0,2014,8,8
104,5ff7dac2c8ee41edffd615dd,Stephanie,84.0,team sneup,Sendzik,88.0,Injured Like A Montee Ball,0,2014,10,10
105,5ff7dac2c8ee41edffd615d9,Mildred,108.0,Mildred's Redskins,Kindy,59.0,EdelMAN HE'S FINE!,0,2014,10,10
106,5ff7dac2c8ee41edffd615d4,Kindy,90.0,EdelMAN HE'S FINE!,Arthur,59.0,Winners Get Wings,0,2014,9,9
107,5ff7dac2c8ee41edffd615d6,Brando,81.0,Rise Up?,Tommy,46.0,Eagles Will Fly,0,2014,9,9
108,5ff7dac2c8ee41edffd615da,Arthur,76.0,Winners Get Wings,Samik,105.0,Revis Island Manning Mashers,0,2014,10,10
109,5ff7dac2c8ee41edffd615e6,Tarpey,101.0,Happier Hour Baja Freezes,Arthur,75.0,Winners Get Wings,0,2014,12,12
110,5ff7dac2c8ee41edffd615d2,Debski,143.0,Rock Lobsters,Tarpey,95.0,Happier Hour Baja Freezes,0,2014,8,8
111,5ff7dac2c8ee41edffd615de,Debski,68.0,Rock Lobsters,Ben,110.0,beckley poopers,0,2014,10,10
112,5ff7dac2c8ee41edffd615dc,Tommy,100.0,Eagles Will Fly,Tarpey,126.0,Happier Hour Baja Freezes,0,2014,10,10
113,5ff7dac2c8ee41edffd615d7,Tarpey,125.0,Happier Hour Baja Freezes,Stephanie,32.0,team sneup,0,2014,9,9
114,5ff7dac2c8ee41edffd615d3,Ben,77.0,beckley poopers,Mildred,94.0,Mildred's Redskins,0,2014,9,9
115,5ff7dac2c8ee41edffd615e3,Ben,96.0,beckley poopers,Stephanie,96.0,team sneup,0,2014,11,11
116,5ff7dac2c8ee41edffd615e4,Kindy,110.0,EdelMAN HE'S FINE!,Debski,79.0,Rock Lobsters,0,2014,11,11
117,5ff7dac2c8ee41edffd615e2,Sendzik,41.0,Injured Like A Montee Ball,Tommy,33.0,Eagles Will Fly,0,2014,11,11
118,5ff7dac2c8ee41edffd615e7,Sendzik,105.0,Injured Like A Montee Ball,Conti,60.0,VA Beach Warriors,0,2014,12,12
119,5ff7dac2c8ee41edffd615d1,Stephanie,91.0,team sneup,Brando,115.0,Rise Up?,0,2014,8,8
120,5ff7dac2c8ee41edffd615db,Conti,86.0,VA Beach Warriors,Brando,88.0,Rise Up?,0,2014,10,10
121,5ff7dac2c8ee41edffd615e0,Brando,107.0,Rise Up?,Arthur,79.0,Winners Get Wings,0,2014,11,11
122,5ff7dac2c8ee41edffd615d8,Sendzik,112.0,Injured Like A Montee Ball,Debski,102.0,Rock Lobsters,0,2014,9,9
123,5ff7dac2c8ee41edffd615df,Samik,83.0,Revis Island Manning Mashers,Mildred,71.0,Mildred's Redskins,0,2014,11,11
124,5ff7dac2c8ee41edffd615e5,Brando,129.0,Rise Up?,Mildred,55.0,Mildred's Redskins,0,2014,12,12
125,5ff7dac2c8ee41edffd615e1,Tarpey,108.0,Happier Hour Baja Freezes,Conti,90.0,VA Beach Warriors,0,2014,11,11
126,5ff7dac2c8ee41edffd615d5,Samik,108.0,Revis Island Manning Mashers,Conti,104.0,VA Beach Warriors,0,2014,9,9
127,5ff7dac2c8ee41edffd615ba,Conti,123.0,VA Beach Warriors,Arthur,105.0,Winners Get Wings,0,2014,4,4
128,5ff7dac2c8ee41edffd615a9,Sendzik,80.0,Injured Like A Montee Ball,Brando,61.0,Rise Up?,0,2014,2,2
129,5ff7dac2c8ee41edffd615fc,Tommy,127.0,Eagles Will Fly,Conti,107.0,VA Beach Warriors,2,2014,17,16
130,5ff7dac2c8ee41edffd615fb,Arthur,152.0,Winners Get Wings,Ben,164.0,beckley poopers,2,2014,17,16
131,5ff7dac2c8ee41edffd615ef,Stephanie,84.0,team sneup,Samik,117.0,Revis Island Manning Mashers,0,2014,13,13
132,5ff7dac2c8ee41edffd615b0,Kindy,74.0,EdelMAN HE'S FINE!,Sendzik,49.0,Injured Like A Montee Ball,0,2014,3,3
133,5ff7dac2c8ee41edffd615a6,Mildred,83.0,Mildred's Redskins,Arthur,63.0,Winners Get Wings,0,2014,1,1
134,5ff7dac2c8ee41edffd615fa,Debski,173.0,Rock Lobsters,Mildred,143.0,Mildred's Redskins,2,2014,17,16
135,5ff7dac2c8ee41edffd615f0,Debski,117.0,Rock Lobsters,Brando,122.0,Rise Up?,0,2014,13,13
136,5ff7dac2c8ee41edffd615fd,Tommy,88.0,Eagles Will Fly,mballen,63.0,Team Catch the Dream,0,2015,1,1
137,5ff7dac2c8ee41edffd615f8,Sendzik,148.0,Injured Like A Montee Ball,Samik,134.0,Revis Island Manning Mashers,2,2014,17,16
138,5ff7dac2c8ee41edffd615f2,Kindy,171.0,EdelMAN HE'S FINE!,Samik,159.0,Revis Island Manning Mashers,1,2014,15,14
139,5ff7dac2c8ee41edffd615f9,Stephanie,201.0,team sneup,Tarpey,155.0,Happier Hour Baja Freezes,2,2014,17,16
140,5ff7dac2c8ee41edffd615eb,Mildred,65.0,Mildred's Redskins,Tarpey,53.0,Happier Hour Baja Freezes,0,2014,13,13
141,5ff7dac2c8ee41edffd615e9,Kindy,87.0,EdelMAN HE'S FINE!,Stephanie,59.0,team sneup,0,2014,12,12
142,5ff7dac2c8ee41edffd615ed,Conti,83.0,VA Beach Warriors,Ben,128.0,beckley poopers,0,2014,13,13
143,5ff7dac2c8ee41edffd615f5,Debski,190.0,Rock Lobsters,Conti,139.0,VA Beach Warriors,2,2014,15,14
144,5ff7dac2c8ee41edffd615e8,Ben,130.0,beckley poopers,Tommy,72.0,Eagles Will Fly,0,2014,12,12
145,5ff7dac2c8ee41edffd615ec,Arthur,64.0,Winners Get Wings,Sendzik,98.0,Injured Like A Montee Ball,0,2014,13,13
146,5ff7dac2c8ee41edffd615ea,Samik,95.0,Revis Island Manning Mashers,Debski,87.0,Rock Lobsters,0,2014,12,12
147,5ff7dac2c8ee41edffd615f6,Tommy,82.0,Eagles Will Fly,Arthur,128.0,Winners Get Wings,2,2014,15,14
148,5ff7dac2c8ee41edffd615fe,Tarpey,52.0,Happier Hour Baja Freezes,Kindy,87.0,Brady's Balls: Truly Inflated,0,2015,1,1
149,5ff7dac2c8ee41edffd615f3,Mildred,140.0,Mildred's Redskins,Tarpey,160.0,Happier Hour Baja Freezes,2,2014,15,14
150,5ff7dac2c8ee41edffd615f4,Stephanie,209.0,team sneup,Ben,194.0,beckley poopers,2,2014,15,14
151,5ff7dac2c8ee41edffd615ee,Tommy,83.0,Eagles Will Fly,Kindy,86.0,EdelMAN HE'S FINE!,0,2014,13,13
152,5ff7dac2c8ee41edffd615f7,Kindy,151.0,EdelMAN HE'S FINE!,Brando,190.0,Rise Up?,1,2014,17,16
153,5ff7dac2c8ee41edffd615f1,Sendzik,195.0,Injured Like A Montee Ball,Brando,223.0,Rise Up?,1,2014,15,14
154,5ff7dac2c8ee41edffd615cd,Mildred,75.0,Mildred's Redskins,Sendzik,89.0,Injured Like A Montee Ball,0,2014,8,8
155,5ff7dac2c8ee41edffd615ff,Sendzik,60.0,RowdyRuff Boys,Samik,100.0,Brady's Balls Brigade,0,2015,1,1
156,5ff7dac2c8ee41edffd615d0,Tommy,70.0,Eagles Will Fly,Samik,123.0,Revis Island Manning Mashers,0,2014,8,8
157,5ff7dac2c8ee41edffd61606,Tommy,66.0,Eagles Will Fly,Debski,110.0,I Dont Know What I'm doing,0,2015,2,2
158,5ff7dac2c8ee41edffd61600,Ben,80.0,beckley poopers,Patrick,76.0,Rainelle Rangers,0,2015,1,1
159,5ff7dac2c8ee41edffd61608,Samik,124.0,Brady's Balls Brigade,Fonti,63.0,WE TALKING ABOUT PLAYOFFS,0,2015,2,2
160,5ff7dac2c8ee41edffd6160a,Mildred,76.0,Mildred's Redskins,Frank,53.0,Kush Gordon,0,2015,2,2
161,5ff7dac2c8ee41edffd6160c,Conti,77.0,VA Beach Warriors,Tarpey,67.0,Happier Hour Baja Freezes,0,2015,3,3
162,5ff7dac2c8ee41edffd615af,Brando,92.0,Rise Up?,Ben,61.0,beckley poopers,0,2014,3,3
163,5ff7dac2c8ee41edffd615c0,Conti,69.0,VA Beach Warriors,Tommy,86.0,Eagles Will Fly,0,2014,5,5
164,5ff7dac2c8ee41edffd61616,Sendzik,67.0,RowdyRuff Boys,Mildred,74.0,Mildred's Redskins,0,2015,4,4
165,5ff7dac2c8ee41edffd61604,Sendzik,78.0,RowdyRuff Boys,Tarpey,64.0,Happier Hour Baja Freezes,0,2015,2,2
166,5ff7dac2c8ee41edffd61601,Debski,101.0,I Dont Know What I'm doing,Mildred,82.0,Mildred's Redskins,0,2015,1,1
167,5ff7dac2c8ee41edffd61609,Patrick,90.0,Rainelle Rangers,Brando,94.0,Rise Up?,0,2015,2,2
168,5ff7dac2c8ee41edffd61603,Fonti,91.0,WE TALKING ABOUT PLAYOFFS,Frank,79.0,Kush Gordon,0,2015,1,1
169,5ff7dac2c8ee41edffd61605,mballen,89.0,Team Catch the Dream,Ben,110.0,beckley poopers,0,2015,2,2
170,5ff7dac2c8ee41edffd61607,Kindy,67.0,Brady's Balls: Truly Inflated,Conti,67.0,VA Beach Warriors,0,2015,2,2
171,5ff7dac2c8ee41edffd6160b,Debski,151.0,I Dont Know What I'm doing,Ben,129.0,beckley poopers,0,2015,3,3
172,5ff7dac2c8ee41edffd61602,Conti,75.0,VA Beach Warriors,Brando,116.0,Rise Up?,0,2015,1,1
173,5ff7dac2c8ee41edffd615bd,Sendzik,69.0,Injured Like A Montee Ball,Ben,66.0,beckley poopers,0,2014,5,5
174,5ff7dac2c8ee41edffd615cf,Conti,96.0,VA Beach Warriors,Kindy,75.0,EdelMAN HE'S FINE!,0,2014,8,8
175,5ff7dac2c8ee41edffd615ae,Debski,96.0,Rock Lobsters,Stephanie,100.0,team sneup,0,2014,2,2
176,5ff7dac2c8ee41edffd615bc,Tarpey,87.0,Happier Hour Baja Freezes,Kindy,76.0,EdelMAN HE'S FINE!,0,2014,5,5
177,5ff7dac2c8ee41edffd615b3,Stephanie,84.0,team sneup,Conti,80.0,VA Beach Warriors,0,2014,3,3
178,5ff7dac2c8ee41edffd615b2,Mildred,104.0,Mildred's Redskins,Tommy,57.0,Eagles Will Fly,0,2014,3,3
179,5ff7dac2c8ee41edffd615c1,Mildred,61.0,Mildred's Redskins,Brando,75.0,Rise Up?,0,2014,6,6
180,5ff7dac2c8ee41edffd615b1,Samik,89.0,Revis Island Manning Mashers,Tarpey,87.0,Happier Hour Baja Freezes,0,2014,3,3
181,5ff7dac2c8ee41edffd615a7,Conti,88.0,VA Beach Warriors,Debski,61.0,Rock Lobsters,0,2014,1,1
182,5ff7dac2c8ee41edffd61632,Patrick,110.0,Rainelle Rangers,Frank,67.0,Kush Gordon,0,2015,8,8
183,5ff7dac2c8ee41edffd61631,Brando,99.0,Rise Up?,Fonti,105.0,WE TALKING ABOUT PLAYOFFS,0,2015,8,8
184,5ff7dac2c8ee41edffd6162f,Ben,40.0,beckley poopers,Sendzik,52.0,RowdyRuff Boys,0,2015,8,8
185,5ff7dac2c8ee41edffd61625,Ben,94.0,beckley poopers,Tarpey,47.0,Happier Hour Baja Freezes,0,2015,6,6
186,5ff7dac2c8ee41edffd61610,Patrick,76.0,Rainelle Rangers,Kindy,84.0,Brady's Balls: Truly Inflated,0,2015,3,3
187,5ff7dac2c8ee41edffd61634,mballen,90.0,Team Catch the Dream,Samik,111.0,Brady's Balls Brigade,0,2015,8,8
188,5ff7dac2c8ee41edffd6161a,Patrick,50.0,Rainelle Rangers,Conti,90.0,VA Beach Warriors,0,2015,5,5
189,5ff7dac2c8ee41edffd61628,mballen,101.0,Team Catch the Dream,Patrick,46.0,Rainelle Rangers,0,2015,7,7
190,5ff7dac2c8ee41edffd61615,Tarpey,56.0,Happier Hour Baja Freezes,Patrick,68.0,Rainelle Rangers,0,2015,4,4
191,5ff7dac2c8ee41edffd61611,Mildred,82.0,Mildred's Redskins,Samik,101.0,Brady's Balls Brigade,0,2015,3,3
192,5ff7dac2c8ee41edffd6161d,Samik,85.0,Brady's Balls Brigade,Debski,83.0,I Dont Know What I'm doing,0,2015,5,5
193,5ff7dac2c8ee41edffd6161e,mballen,114.0,Team Catch the Dream,Tarpey,48.0,Happier Hour Baja Freezes,0,2015,5,5
194,5ff7dac2c8ee41edffd6162a,Tarpey,62.0,Happier Hour Baja Freezes,Brando,53.0,Rise Up?,0,2015,7,7
195,5ff7dac2c8ee41edffd61620,Mildred,66.0,Mildred's Redskins,Patrick,51.0,Rainelle Rangers,0,2015,6,6
196,5ff7dac2c8ee41edffd6162d,Debski,69.0,I Dont Know What I'm doing,Fonti,82.0,WE TALKING ABOUT PLAYOFFS,0,2015,7,7
197,5ff7dac2c8ee41edffd61635,Tommy,80.0,Eagles Will Fly,Ben,95.0,beckley poopers,0,2015,9,9
198,5ff7dac2c8ee41edffd61629,Tommy,37.0,Eagles Will Fly,Mildred,82.0,Mildred's Redskins,0,2015,7,7
199,5ff7dac2c8ee41edffd61627,Samik,119.0,Brady's Balls Brigade,Kindy,59.0,Brady's Balls: Truly Inflated,0,2015,7,7
200,5ff7dac2c8ee41edffd6160d,Fonti,129.0,WE TALKING ABOUT PLAYOFFS,Sendzik,95.0,RowdyRuff Boys,0,2015,3,3
201,5ff7dac2c8ee41edffd6161f,Tommy,97.0,Eagles Will Fly,Sendzik,95.0,RowdyRuff Boys,0,2015,5,5
202,5ff7dac2c8ee41edffd61614,Debski,63.0,I Dont Know What I'm doing,Frank,84.0,Kush Gordon,0,2015,4,4
203,5ff7dac2c8ee41edffd61618,Tommy,52.0,Eagles Will Fly,Samik,87.0,Brady's Balls Brigade,0,2015,4,4
204,5ff7dac2c8ee41edffd6162c,Ben,106.0,beckley poopers,Conti,101.0,VA Beach Warriors,0,2015,7,7
205,5ff7dac2c8ee41edffd61621,Brando,81.0,Rise Up?,Kindy,82.0,Brady's Balls: Truly Inflated,0,2015,6,6
206,5ff7dac2c8ee41edffd61623,Conti,64.0,VA Beach Warriors,mballen,88.0,Team Catch the Dream,0,2015,6,6
207,5ff7dac2c8ee41edffd6162b,Sendzik,64.0,RowdyRuff Boys,Frank,121.0,Kush Gordon,0,2015,7,7
208,5ff7dac2c8ee41edffd61617,mballen,81.0,Team Catch the Dream,Kindy,80.0,Brady's Balls: Truly Inflated,0,2015,4,4
209,5ff7dac2c8ee41edffd61626,Debski,131.0,I Dont Know What I'm doing,Sendzik,93.0,RowdyRuff Boys,0,2015,6,6
210,5ff7dac2c8ee41edffd61630,Conti,111.0,VA Beach Warriors,Debski,93.0,I Dont Know What I'm doing,0,2015,8,8
211,5ff7dac2c8ee41edffd61633,Kindy,52.0,Brady's Balls: Truly Inflated,Mildred,32.0,Mildred's Redskins,0,2015,8,8
212,5ff7dac2c8ee41edffd61624,Fonti,115.0,WE TALKING ABOUT PLAYOFFS,Tommy,66.0,Eagles Will Fly,0,2015,6,6
213,5ff7dac2c8ee41edffd61622,Frank,106.0,Kush Gordon,Samik,83.0,Brady's Balls Brigade,0,2015,6,6
214,5ff7dac2c8ee41edffd6161c,Kindy,103.0,Brady's Balls: Truly Inflated,Ben,67.0,beckley poopers,0,2015,5,5
215,5ff7dac2c8ee41edffd6160f,Frank,86.0,Kush Gordon,Tommy,96.0,Eagles Will Fly,0,2015,3,3
216,5ff7dac2c8ee41edffd61619,Frank,69.0,Kush Gordon,Brando,63.0,Rise Up?,0,2015,5,5
217,5ff7dac2c8ee41edffd6160e,Brando,81.0,Rise Up?,mballen,77.0,Team Catch the Dream,0,2015,3,3
218,5ff7dac2c8ee41edffd6161b,Mildred,56.0,Mildred's Redskins,Fonti,95.0,WE TALKING ABOUT PLAYOFFS,0,2015,5,5
219,5ff7dac2c8ee41edffd6162e,Tarpey,69.0,Happier Hour Baja Freezes,Tommy,41.0,Eagles Will Fly,0,2015,8,8
220,5ff7dac2c8ee41edffd61612,Fonti,104.0,WE TALKING ABOUT PLAYOFFS,Conti,73.0,VA Beach Warriors,0,2015,4,4
221,5ff7dac2c8ee41edffd61613,Ben,71.0,beckley poopers,Brando,78.0,Rise Up?,0,2015,4,4
222,5ff7dac2c8ee41edffd6163e,Patrick,80.0,Rainelle Rangers,Debski,58.0,I Dont Know What I'm doing,0,2015,10,10
223,5ff7dac2c8ee41edffd61636,Sendzik,105.0,RowdyRuff Boys,Conti,107.0,VA Beach Warriors,0,2015,9,9
224,5ff7dac2c8ee41edffd61637,Debski,77.0,I Dont Know What I'm doing,Brando,93.0,Rise Up?,0,2015,9,9
225,5ff7dac2c8ee41edffd61646,Fonti,52.0,WE TALKING ABOUT PLAYOFFS,mballen,41.0,Team Catch the Dream,0,2015,11,11
226,5ff7dac2c8ee41edffd61654,Conti,56.0,VA Beach Warriors,Fonti,76.0,WE TALKING ABOUT PLAYOFFS,0,2015,13,13
227,5ff7dac2c8ee41edffd61647,Frank,76.0,Kush Gordon,Tarpey,63.0,Happier Hour Baja Freezes,0,2015,11,11
228,5ff7dac2c8ee41edffd61644,Sendzik,83.0,RowdyRuff Boys,Patrick,59.0,Rainelle Rangers,0,2015,11,11
229,5ff7dac2c8ee41edffd6164b,Kindy,65.0,Brady's Balls: Truly Inflated,Sendzik,129.0,RowdyRuff Boys,0,2015,12,12
230,5ff7dac2c8ee41edffd6164a,Patrick,75.0,Rainelle Rangers,Tommy,81.0,Eagles Will Fly,0,2015,12,12
231,5ff7dac2c8ee41edffd61641,Tarpey,52.0,Happier Hour Baja Freezes,Mildred,106.0,Mildred's Redskins,0,2015,10,10
232,5ff7dac2c8ee41edffd6164d,Tarpey,82.0,Happier Hour Baja Freezes,Fonti,62.0,WE TALKING ABOUT PLAYOFFS,0,2015,12,12
233,5ff7dac2c8ee41edffd6164e,Ben,82.0,beckley poopers,Frank,102.0,Kush Gordon,0,2015,12,12
234,5ff7dac2c8ee41edffd6165a,Brando,141.0,Rise Up?,Ben,139.0,beckley poopers,2,2015,15,14
235,5ff7dac2c8ee41edffd61648,Mildred,53.0,Mildred's Redskins,Ben,80.0,beckley poopers,0,2015,11,11
236,5ff7dac2c8ee41edffd61649,Samik,72.0,Brady's Balls Brigade,Conti,73.0,VA Beach Warriors,0,2015,11,11
237,5ff7dac2c8ee41edffd61650,Brando,102.0,Rise Up?,Samik,75.0,Brady's Balls Brigade,0,2015,12,12
238,5ff7dac2c8ee41edffd6163c,Conti,82.0,VA Beach Warriors,Tommy,59.0,Eagles Will Fly,0,2015,10,10
239,5ff7dac2c8ee41edffd61655,Brando,77.0,Rise Up?,Frank,97.0,Kush Gordon,0,2015,13,13
240,5ff7dac2c8ee41edffd61657,Kindy,77.0,Brady's Balls: Truly Inflated,Samik,97.0,Brady's Balls Brigade,0,2015,13,13
241,5ff7dac2c8ee41edffd61640,mballen,47.0,Team Catch the Dream,Frank,102.0,Kush Gordon,0,2015,10,10
242,5ff7dac2c8ee41edffd6164f,Conti,102.0,VA Beach Warriors,Mildred,75.0,Mildred's Redskins,0,2015,12,12
243,5ff7dac2c8ee41edffd61658,Frank,173.0,Kush Gordon,Fonti,219.0,WE TALKING ABOUT PLAYOFFS,1,2015,15,14
244,5ff7dac2c8ee41edffd6163d,Brando,75.0,Rise Up?,Sendzik,114.0,RowdyRuff Boys,0,2015,10,10
245,5ff7dac2c8ee41edffd61643,Tommy,75.0,Eagles Will Fly,Brando,79.0,Rise Up?,0,2015,11,11
246,5ff7dac2c8ee41edffd61651,mballen,97.0,Team Catch the Dream,Tommy,105.0,Eagles Will Fly,0,2015,13,13
247,5ff7dac2c8ee41edffd61638,Fonti,111.0,WE TALKING ABOUT PLAYOFFS,Patrick,81.0,Rainelle Rangers,0,2015,9,9
248,5ff7dac2c8ee41edffd6164c,mballen,124.0,Team Catch the Dream,Debski,73.0,I Dont Know What I'm doing,0,2015,12,12
249,5ff7dac2c8ee41edffd61659,Samik,193.0,Brady's Balls Brigade,Conti,176.0,VA Beach Warriors,1,2015,15,14
250,5ff7dac2c8ee41edffd6163f,Kindy,63.0,Brady's Balls: Truly Inflated,Fonti,80.0,WE TALKING ABOUT PLAYOFFS,0,2015,10,10
251,5ff7dac2c8ee41edffd61639,Frank,84.0,Kush Gordon,Kindy,110.0,Brady's Balls: Truly Inflated,0,2015,9,9
252,5ff7dac2c8ee41edffd61653,Ben,103.0,beckley poopers,Debski,85.0,I Dont Know What I'm doing,0,2015,13,13
253,5ff7dac2c8ee41edffd61645,Debski,88.0,I Dont Know What I'm doing,Kindy,81.0,Brady's Balls: Truly Inflated,0,2015,11,11
254,5ff7dac2c8ee41edffd61656,Patrick,77.0,Rainelle Rangers,Mildred,94.0,Mildred's Redskins,0,2015,13,13
255,5ff7dac2c8ee41edffd6165b,Sendzik,224.0,RowdyRuff Boys,Kindy,120.0,Brady's Balls: Truly Inflated,2,2015,15,14
256,5ff7dac2c8ee41edffd6163a,Mildred,41.0,Mildred's Redskins,mballen,60.0,Team Catch the Dream,0,2015,9,9
257,5ff7dac2c8ee41edffd6163b,Samik,106.0,Brady's Balls Brigade,Tarpey,47.0,Happier Hour Baja Freezes,0,2015,9,9
258,5ff7dac2c8ee41edffd61642,Ben,54.0,beckley poopers,Samik,107.0,Brady's Balls Brigade,0,2015,10,10
259,5ff7dac2c8ee41edffd61652,Tarpey,51.0,Happier Hour Baja Freezes,Sendzik,106.0,RowdyRuff Boys,0,2015,13,13
260,5ff7dac2c8ee41edffd6165c,Mildred,240.0,Mildred's Redskins,mballen,105.0,Team Catch the Dream,2,2015,15,14
261,5ff7dac2c8ee41edffd6165d,Tommy,117.0,Eagles Will Fly,Debski,167.0,I Dont Know What I'm doing,2,2015,15,14
262,5ff7dac2c8ee41edffd6165e,Tarpey,136.0,Happier Hour Baja Freezes,Patrick,134.0,Rainelle Rangers,2,2015,15,14
263,5ff7dac2c8ee41edffd6165f,Samik,103.0,Brady's Balls Brigade,Fonti,143.0,WE TALKING ABOUT PLAYOFFS,1,2015,17,16
264,5ff7dac2c8ee41edffd61662,Mildred,185.0,Mildred's Redskins,Ben,93.0,beckley poopers,2,2015,17,16
265,5ff7dac2c8ee41edffd61664,Tarpey,152.0,Happier Hour Baja Freezes,mballen,183.0,Team Catch the Dream,2,2015,17,16
266,5ff7dac2c8ee41edffd61668,Brando,102.92,Rise Up?,Kindy,85.48,Brady's Balls: Truly Inflated,0,2016,1,1
267,5ff7dac2c8ee41edffd61665,Patrick,120.0,Rainelle Rangers,Tommy,86.0,Eagles Will Fly,2,2015,17,16
268,5ff7dac2c8ee41edffd61669,Mildred,56.36,Mildred's Redskins,Sendzik,53.54,Send Sicks,0,2016,1,1
269,5ff7dac2c8ee41edffd61667,Conti,130.6,VA Beach Warriors,Tarpey,109.26,Happier Hour Baja Freezes,0,2016,1,1
270,5ff7dac2c8ee41edffd61666,Ben,92.5,beckley poopers,mballen,131.0,Greg Hardy Breakfast,0,2016,1,1
271,5ff7dac2c8ee41edffd61661,Sendzik,154.0,RowdyRuff Boys,Brando,179.0,Rise Up?,2,2015,17,16
272,5ff7dac2c8ee41edffd61663,Debski,174.0,I Dont Know What I'm doing,Kindy,131.0,Brady's Balls: Truly Inflated,2,2015,17,16
273,5ff7dac2c8ee41edffd61660,Frank,189.0,Kush Gordon,Conti,194.0,VA Beach Warriors,2,2015,17,16
274,5ff7dac2c8ee41edffd6166b,Tommy,115.16,Eagles Will Fly,Samik,97.0,Brady's Balls Brigade,0,2016,1,1
275,5ff7dac2c8ee41edffd6166a,Frank,93.12,Kush Gordon,Fonti,86.34,TAPATE'O HAWTSAWCE,0,2016,1,1
276,5ff7dac2c8ee41edffd6166e,Tarpey,80.12,Happier Hour Baja Freezes,Kindy,87.12,Brady's Balls: Truly Inflated,0,2016,2,2
277,5ff7dac2c8ee41edffd6166d,mballen,72.6,Greg Hardy Breakfast,Brando,102.52,Rise Up?,0,2016,2,2
278,5ff7dac2c8ee41edffd61676,Samik,97.98,Brady's Balls Brigade,Frank,70.22,Kush Gordon,0,2016,3,3
279,5ff7dac2c8ee41edffd6166f,Frank,137.06,Kush Gordon,Mildred,88.76,Mildred's Redskins,0,2016,2,2
280,5ff7dac2c8ee41edffd61672,Ben,84.96,beckley poopers,Brando,137.24,Rise Up?,0,2016,3,3
281,5ff7dac2c8ee41edffd61670,Sendzik,82.78,Send Sicks,Tommy,108.72,Eagles Will Fly,0,2016,2,2
282,5ff7dac2c8ee41edffd61674,Tarpey,86.2,Happier Hour Baja Freezes,mballen,105.36,Greg Hardy Breakfast,0,2016,3,3
283,5ff7dac2c8ee41edffd61690,Mildred,73.92,Mildred's Redskins,Conti,98.9,VA Beach Warriors,0,2016,8,8
284,5ff7dac2c8ee41edffd6168c,Brando,65.82,Rise Up?,Frank,75.88,Kush Gordon,0,2016,7,7
285,5ff7dac2c8ee41edffd6168b,Conti,89.32,VA Beach Warriors,Sendzik,102.54,Send Sicks,0,2016,7,7
286,5ff7dac2c8ee41edffd61678,Kindy,40.74,Brady's Balls: Truly Inflated,Ben,103.08,beckley poopers,0,2016,4,4
287,5ff7dac2c8ee41edffd61688,Samik,85.06,Brady's Balls Brigade,Kindy,92.16,Brady's Balls: Truly Inflated,0,2016,6,6
288,5ff7dac2c8ee41edffd61682,Sendzik,88.96,Send Sicks,Samik,132.7,Brady's Balls Brigade,0,2016,5,5
289,5ff7dac2c8ee41edffd6167d,Frank,116.56,Kush Gordon,Sendzik,71.94,Send Sicks,0,2016,4,4
290,5ff7dac2c8ee41edffd61696,Brando,108.42,Rise Up?,Mildred,70.26,Mildred's Redskins,0,2016,9,9
291,5ff7dac2c8ee41edffd61671,Fonti,83.06,TAPATE'O HAWTSAWCE,Samik,104.26,Brady's Balls Brigade,0,2016,2,2
292,5ff7dac2c8ee41edffd6167c,Tommy,78.2,Eagles Will Fly,Fonti,111.22,TAPATE'O HAWTSAWCE,0,2016,4,4
293,5ff7dac2c8ee41edffd61687,Tommy,83.98,Eagles Will Fly,Brando,112.9,Rise Up?,0,2016,6,6
294,5ff7dac2c8ee41edffd61677,Fonti,102.58,TAPATE'O HAWTSAWCE,Sendzik,65.62,Send Sicks,0,2016,3,3
295,5ff7dac2c8ee41edffd61673,Kindy,69.2,Brady's Balls: Truly Inflated,Conti,139.74,VA Beach Warriors,0,2016,3,3
296,5ff7dac2c8ee41edffd61685,Sendzik,98.2,Send Sicks,mballen,91.5,Greg Hardy Breakfast,0,2016,6,6
297,5ff7dac2c8ee41edffd61686,Frank,106.24,Kush Gordon,Conti,112.78,VA Beach Warriors,0,2016,6,6
298,5ff7dac2c8ee41edffd6166c,Conti,88.28,VA Beach Warriors,Ben,82.06,beckley poopers,0,2016,2,2
299,5ff7dac2c8ee41edffd61679,Brando,99.78,Rise Up?,Tarpey,55.52,Happier Hour Baja Freezes,0,2016,4,4
300,5ff7dac2c8ee41edffd61681,Mildred,86.5,Mildred's Redskins,Fonti,101.8,TAPATE'O HAWTSAWCE,0,2016,5,5
301,5ff7dac2c8ee41edffd61695,Fonti,91.72,TAPATE'O HAWTSAWCE,mballen,55.56,Greg Hardy Breakfast,0,2016,8,8
302,5ff7dac2c8ee41edffd6168d,Kindy,58.92,Brady's Balls: Truly Inflated,Tommy,100.3,Eagles Will Fly,0,2016,7,7
303,5ff7dac2c8ee41edffd61683,Frank,106.14,Kush Gordon,Tommy,75.66,Eagles Will Fly,0,2016,5,5
304,5ff7dac2c8ee41edffd6169a,mballen,67.36,Greg Hardy Breakfast,Samik,122.86,Brady's Balls Brigade,0,2016,9,9
305,5ff7dac2c8ee41edffd61675,Mildred,105.84,Mildred's Redskins,Tommy,87.48,Eagles Will Fly,0,2016,3,3
306,5ff7dac2c8ee41edffd61689,Fonti,85.22,TAPATE'O HAWTSAWCE,Tarpey,43.86,Happier Hour Baja Freezes,0,2016,6,6
307,5ff7dac2c8ee41edffd61684,Mildred,84.52,Mildred's Redskins,Ben,67.04,beckley poopers,0,2016,6,6
308,5ff7dac2c8ee41edffd6168e,Tarpey,85.24,Happier Hour Baja Freezes,Samik,128.64,Brady's Balls Brigade,0,2016,7,7
309,5ff7dac2c8ee41edffd6168a,mballen,105.94,Greg Hardy Breakfast,Mildred,79.04,Mildred's Redskins,0,2016,7,7
310,5ff7dac2c8ee41edffd61697,Kindy,86.12,Brady's Balls: Truly Inflated,Sendzik,108.26,Send Sicks,0,2016,9,9
311,5ff7dac2c8ee41edffd6168f,Ben,72.94,beckley poopers,Fonti,67.38,TAPATE'O HAWTSAWCE,0,2016,7,7
312,5ff7dac2c8ee41edffd61693,Tommy,72.68,Eagles Will Fly,Tarpey,125.44,Happier Hour Baja Freezes,0,2016,8,8
313,5ff7dac2c8ee41edffd6167e,Ben,106.78,beckley poopers,Tarpey,95.96,Happier Hour Baja Freezes,0,2016,5,5
314,5ff7dac2c8ee41edffd61694,Samik,106.28,Brady's Balls Brigade,Ben,79.88,beckley poopers,0,2016,8,8
315,5ff7dac2c8ee41edffd6167a,Conti,85.06,VA Beach Warriors,mballen,40.92,Greg Hardy Breakfast,0,2016,4,4
316,5ff7dac2c8ee41edffd61692,Frank,131.5,Kush Gordon,Kindy,94.08,Brady's Balls: Truly Inflated,0,2016,8,8
317,5ff7dac2c8ee41edffd6167b,Samik,141.8,Brady's Balls Brigade,Mildred,127.52,Mildred's Redskins,0,2016,4,4
318,5ff7dac2c8ee41edffd61680,Conti,114.88,VA Beach Warriors,Brando,99.98,Rise Up?,0,2016,5,5
319,5ff7dac2c8ee41edffd61699,Ben,70.28,beckley poopers,Tommy,52.7,Eagles Will Fly,0,2016,9,9
320,5ff7dac2c8ee41edffd61691,Sendzik,91.52,Send Sicks,Brando,86.02,Rise Up?,0,2016,8,8
321,5ff7dac2c8ee41edffd6167f,mballen,73.86,Greg Hardy Breakfast,Kindy,65.12,Brady's Balls: Truly Inflated,0,2016,5,5
322,5ff7dac2c8ee41edffd61698,Tarpey,75.18,Happier Hour Baja Freezes,Frank,97.88,Kush Gordon,0,2016,9,9
323,5ff7dac2c8ee41edffd6169c,Mildred,91.38,Mildred's Redskins,Kindy,100.7,Brady's Balls: Truly Inflated,0,2016,10,10
324,5ff7dac2c8ee41edffd616a0,Samik,155.92,Brady's Balls Brigade,Conti,116.98,VA Beach Warriors,0,2016,10,10
325,5ff7dac2c8ee41edffd616a6,Brando,81.1,Rise Up?,Samik,65.98,Brady's Balls Brigade,0,2016,11,11
326,5ff7dac2c8ee41edffd616a3,Ben,96.28,beckley poopers,Sendzik,70.84,Send Sicks,0,2016,11,11
327,5ff7dac2c8ee41edffd616ad,Tarpey,91.72,Happier Hour Baja Freezes,Fonti,90.44,TAPATE'O HAWTSAWCE,0,2016,12,12
328,5ff7dac2c8ee41edffd616a7,Kindy,82.84,Brady's Balls: Truly Inflated,Fonti,86.3,TAPATE'O HAWTSAWCE,0,2016,11,11
329,5ff7dac2c8ee41edffd616a4,mballen,113.32,Greg Hardy Breakfast,Frank,129.4,Kush Gordon,0,2016,11,11
330,5ff7dac2c8ee41edffd616a2,Tarpey,55.84,Happier Hour Baja Freezes,Mildred,56.6,Mildred's Redskins,0,2016,11,11
331,5ff7dac2c8ee41edffd616bd,Kindy,188.34,Brady's Balls: Truly Inflated,Fonti,204.06,TAPATE'O HAWTSAWCE,2,2016,17,16
332,5ff7dac2c8ee41edffd6169b,Conti,60.44,VA Beach Warriors,Fonti,137.16,TAPATE'O HAWTSAWCE,0,2016,9,9
333,5ff7dac2c8ee41edffd616b8,Mildred,152.16,Mildred's Redskins,Kindy,170.24,Brady's Balls: Truly Inflated,2,2016,15,14
334,5ff7dac2c8ee41edffd616b4,Brando,188.32,Rise Up?,Frank,227.46,Kush Gordon,1,2016,15,14
335,5ff7dac2c8ee41edffd616aa,Conti,103.0,VA Beach Warriors,Frank,110.94,Kush Gordon,0,2016,12,12
336,5ff7dac2c8ee41edffd6169f,Tommy,108.24,Eagles Will Fly,mballen,77.76,Greg Hardy Breakfast,0,2016,10,10
337,5ff7dac2c8ee41edffd616be,Tommy,121.1,Eagles Will Fly,Sendzik,202.66,Send Sicks,2,2016,17,16
338,5ff7dac2c8ee41edffd616bb,Brando,191.4,Rise Up?,Samik,160.96,Brady's Balls Brigade,2,2016,17,16
339,5ff7dac2c8ee41edffd616a9,mballen,75.38,Greg Hardy Breakfast,Sendzik,88.84,Send Sicks,0,2016,12,12
340,5ff7dac2c8ee41edffd616ac,Kindy,146.84,Brady's Balls: Truly Inflated,Samik,65.14,Brady's Balls Brigade,0,2016,12,12
341,5ff7dac2c8ee41edffd616a5,Conti,95.18,VA Beach Warriors,Tommy,53.98,Eagles Will Fly,0,2016,11,11
342,5ff7dac2c8ee41edffd616c0,Brando,65.04,Rise Up?,Fonti,120.6,TALKIN ABOUT PLAYOFFS,0,2017,1,1
343,5ff7dac2c8ee41edffd616c1,Mildred,78.3,Mildred's Redskins,Frank,77.64,Kush Gordon,0,2017,1,1
344,5ff7dac2c8ee41edffd616b1,Tommy,55.08,Eagles Will Fly,Kindy,87.16,Brady's Balls: Truly Inflated,0,2016,13,13
345,5ff7dac2c8ee41edffd616b2,Samik,104.66,Brady's Balls Brigade,Tarpey,96.26,Happier Hour Baja Freezes,0,2016,13,13
346,5ff7dac2c8ee41edffd616b6,Ben,143.28,beckley poopers,Fonti,114.32,TAPATE'O HAWTSAWCE,2,2016,15,14
347,5ff7dac2c8ee41edffd616a1,Fonti,48.84,TAPATE'O HAWTSAWCE,Brando,102.58,Rise Up?,0,2016,10,10
348,5ff7dac2c8ee41edffd616b0,Frank,120.46,Kush Gordon,Brando,90.34,Rise Up?,0,2016,13,13
349,5ff7dac2c8ee41edffd616b5,Conti,209.34,VA Beach Warriors,Samik,112.14,Brady's Balls Brigade,1,2016,15,14
350,5ff7dac2c8ee41edffd616b3,Fonti,61.7,TAPATE'O HAWTSAWCE,Ben,56.36,beckley poopers,0,2016,13,13
351,5ff7dac2c8ee41edffd6169e,Frank,105.24,Kush Gordon,Ben,84.8,beckley poopers,0,2016,10,10
352,5ff7dac2c8ee41edffd616ae,Mildred,88.54,Mildred's Redskins,mballen,90.04,Greg Hardy Breakfast,0,2016,13,13
353,5ff7dac2c8ee41edffd616ba,Conti,174.86,VA Beach Warriors,Frank,184.68,Kush Gordon,1,2016,17,16
354,5ff7dac2c8ee41edffd616c2,Ben,55.62,beckley poopers,Conti,104.52,VA Beach Warriors,0,2017,1,1
355,5ff7dac2c8ee41edffd616bf,Tarpey,161.58,Happier Hour Baja Freezes,Mildred,204.68,Mildred's Redskins,2,2016,17,16
356,5ff7dac2c8ee41edffd616b9,Tarpey,126.72,Happier Hour Baja Freezes,Tommy,131.5,Eagles Will Fly,2,2016,15,14
357,5ff7dac2c8ee41edffd6169d,Sendzik,78.54,Send Sicks,Tarpey,72.44,Happier Hour Baja Freezes,0,2016,10,10
358,5ff7dac2c8ee41edffd616af,Sendzik,78.34,Send Sicks,Conti,119.12,VA Beach Warriors,0,2016,13,13
359,5ff7dac2c8ee41edffd616ab,Brando,115.66,Rise Up?,Tommy,70.14,Eagles Will Fly,0,2016,12,12
360,5ff7dac2c8ee41edffd616a8,Ben,99.4,beckley poopers,Mildred,79.56,Mildred's Redskins,0,2016,12,12
361,5ff7dac2c8ee41edffd616bc,mballen,178.88,Greg Hardy Breakfast,Ben,154.32,beckley poopers,2,2016,17,16
362,5ff7dac2c8ee41edffd616b7,mballen,184.84,Greg Hardy Breakfast,Sendzik,167.88,Send Sicks,2,2016,15,14
363,5ff7dac2c8ee41edffd616c3,Samik,106.98,Brady's Balls Brigade,Tarpey,40.98,Roll Safe,0,2017,1,1
364,5ff7dac2c8ee41edffd616cc,Conti,96.92,VA Beach Warriors,Sendzik,95.52,Sa lt,0,2017,2,2
365,5ff7dac2c8ee41edffd616c8,Mildred,59.46,Mildred's Redskins,Samik,107.48,Brady's Balls Brigade,0,2017,2,2
366,5ff7dac2c8ee41edffd616d5,Tommy,54.06,The Horsegasms,Mildred,76.3,Mildred's Redskins,0,2017,4,4
367,5ff7dac2c8ee41edffd616d4,Brando,61.06,Rise Up?,Sendzik,85.62,Sa lt,0,2017,3,3
368,5ff7dac2c8ee41edffd616c4,Jake,63.34,Timothy Teblows,Kindy,62.64,Brady's Balls: Truly Inflated,0,2017,1,1
369,5ff7dac2c8ee41edffd616d1,Jake,82.1,Timothy Teblows,Frank,65.32,Kush Gordon,0,2017,3,3
370,5ff7dac2c8ee41edffd616d0,mballen,79.92,Greg Hardy Breakfast,Samik,84.12,Brady's Balls Brigade,0,2017,3,3
371,5ff7dac2c8ee41edffd616c5,Sendzik,76.54,Sa lt,Tommy,95.28,The Horsegasms,0,2017,1,1
372,5ff7dac2c8ee41edffd616d3,Tommy,91.86,The Horsegasms,Ben,68.1,beckley poopers,0,2017,3,3
373,5ff7dac2c8ee41edffd616cf,Mildred,118.1,Mildred's Redskins,Kindy,98.1,Brady's Balls: Truly Inflated,0,2017,3,3
374,5ff7dac2c8ee41edffd616cb,Frank,77.46,Kush Gordon,Charles,77.32,Fear Boners,0,2017,2,2
375,5ff7dac2c8ee41edffd616ca,Ben,69.42,beckley poopers,Brando,61.88,Rise Up?,0,2017,2,2
376,5ff7dac2c8ee41edffd616c7,Kindy,70.14,Brady's Balls: Truly Inflated,Fonti,76.44,TALKIN ABOUT PLAYOFFS,0,2017,2,2
377,5ff7dac2c8ee41edffd616c6,mballen,77.12,Greg Hardy Breakfast,Charles,105.54,Fear Boners,0,2017,1,1
378,5ff7dac2c8ee41edffd616d6,Samik,63.98,Brady's Balls Brigade,Jake,61.86,Timothy Teblows,0,2017,4,4
379,5ff7dac2c8ee41edffd616cd,mballen,119.2,Greg Hardy Breakfast,Jake,75.08,Timothy Teblows,0,2017,2,2
380,5ff7dac2c8ee41edffd616c9,Tarpey,89.2,Roll Safe,Tommy,68.98,The Horsegasms,0,2017,2,2
381,5ff7dac2c8ee41edffd616d2,Conti,129.52,VA Beach Warriors,Charles,77.88,Fear Boners,0,2017,3,3
382,5ff7dac2c8ee41edffd616d8,Fonti,85.82,TALKIN ABOUT PLAYOFFS,Conti,118.5,VA Beach Warriors,0,2017,4,4
383,5ff7dac2c8ee41edffd616ce,Fonti,102.48,TALKIN ABOUT PLAYOFFS,Tarpey,48.92,Roll Safe,0,2017,3,3
384,5ff7dac2c8ee41edffd616da,Ben,121.14,beckley poopers,mballen,88.88,Greg Hardy Breakfast,0,2017,4,4
385,5ff7dac2c8ee41edffd616f1,Sendzik,103.48,Sa lt,Ben,90.28,beckley poopers,0,2017,8,8
386,5ff7dac2c8ee41edffd616f3,Fonti,131.48,TALKIN ABOUT PLAYOFFS,Tommy,86.82,The Horsegasms,0,2017,8,8
387,5ff7dac2c8ee41edffd616fd,Jake,79.22,Timothy Teblows,Sendzik,81.7,Sa lt,0,2017,9,9
388,5ff7dac2c8ee41edffd616fe,Brando,97.0,Rise Up?,Conti,79.98,VA Beach Warriors,0,2017,9,9
389,5ff7dac2c8ee41edffd616dd,Frank,78.86,Kush Gordon,Brando,85.64,Rise Up?,0,2017,5,5
390,5ff7dac2c8ee41edffd616d9,Charles,67.0,Fear Boners,Sendzik,90.86,Sa lt,0,2017,4,4
391,5ff7dac2c8ee41edffd616ed,Samik,77.56,Brady's Balls Brigade,Fonti,95.52,TALKIN ABOUT PLAYOFFS,0,2017,7,7
392,5ff7dac2c8ee41edffd616ee,Tommy,80.18,The Horsegasms,Charles,91.74,Fear Boners,0,2017,7,7
393,5ff7dac2c8ee41edffd616f9,Tommy,72.34,The Horsegasms,Samik,81.5,Brady's Balls Brigade,0,2017,9,9
394,5ff7dac2c8ee41edffd616de,Tarpey,56.2,Roll Safe,Conti,74.72,VA Beach Warriors,0,2017,5,5
395,5ff7dac2c8ee41edffd616ff,Tommy,100.56,The Horsegasms,Frank,60.66,Kush Gordon,0,2017,10,10
396,5ff7dac2c8ee41edffd616e4,Brando,91.72,Rise Up?,Mildred,86.3,Mildred's Redskins,0,2017,6,6
397,5ff7dac2c8ee41edffd616e7,Ben,93.04,beckley poopers,Samik,52.28,Brady's Balls Brigade,0,2017,6,6
398,5ff7dac2c8ee41edffd616e5,Kindy,77.74,Brady's Balls: Truly Inflated,Tommy,107.88,The Horsegasms,0,2017,6,6
399,5ff7dac2c8ee41edffd616f2,Samik,83.02,Brady's Balls Brigade,Brando,86.06,Rise Up?,0,2017,8,8
400,5ff7dac2c8ee41edffd616e1,Tommy,71.76,The Horsegasms,mballen,88.54,Greg Hardy Breakfast,0,2017,5,5
401,5ff7dac2c8ee41edffd616dc,Samik,50.32,Brady's Balls Brigade,Kindy,64.86,Brady's Balls: Truly Inflated,0,2017,5,5
402,5ff7dac2c8ee41edffd616e2,Charles,98.3,Fear Boners,Ben,54.08,beckley poopers,0,2017,5,5
403,5ff7dac2c8ee41edffd616e9,Conti,100.18,VA Beach Warriors,Jake,88.26,Timothy Teblows,0,2017,6,6
404,5ff7dac2c8ee41edffd616f6,Conti,89.98,VA Beach Warriors,Mildred,37.62,Mildred's Redskins,0,2017,8,8
405,5ff7dac2c8ee41edffd616fb,Tarpey,55.2,Roll Safe,Frank,52.38,Kush Gordon,0,2017,9,9
406,5ff7dac2c8ee41edffd616f8,Kindy,77.42,Brady's Balls: Truly Inflated,mballen,101.16,Greg Hardy Breakfast,0,2017,9,9
407,5ff7dac2c8ee41edffd616f4,Charles,81.36,Fear Boners,Jake,77.82,Timothy Teblows,0,2017,8,8
408,5ff7dac2c8ee41edffd616db,Tarpey,63.7,Roll Safe,Brando,74.58,Rise Up?,0,2017,4,4
409,5ff7dac2c8ee41edffd616d7,Frank,111.58,Kush Gordon,Kindy,84.42,Brady's Balls: Truly Inflated,0,2017,4,4
410,5ff7dac2c8ee41edffd616e8,Charles,107.96,Fear Boners,Fonti,119.42,TALKIN ABOUT PLAYOFFS,0,2017,6,6
411,5ff7dac2c8ee41edffd616e3,Tarpey,86.74,Roll Safe,mballen,108.3,Greg Hardy Breakfast,0,2017,6,6
412,5ff7dac2c8ee41edffd616fa,Ben,57.9,beckley poopers,Fonti,74.84,TALKIN ABOUT PLAYOFFS,0,2017,9,9
413,5ff7dac2c8ee41edffd616ec,Frank,101.32,Kush Gordon,Conti,89.06,VA Beach Warriors,0,2017,7,7
414,5ff7dac2c8ee41edffd616df,Fonti,125.72,TALKIN ABOUT PLAYOFFS,Jake,84.98,Timothy Teblows,0,2017,5,5
415,5ff7dac2c8ee41edffd616f0,Jake,80.72,Timothy Teblows,Brando,47.72,Rise Up?,0,2017,7,7
416,5ff7dac2c8ee41edffd616f7,Kindy,74.76,Brady's Balls: Truly Inflated,Tarpey,93.22,Roll Safe,0,2017,8,8
417,5ff7dac2c8ee41edffd616e6,Sendzik,43.72,Sa lt,Frank,62.34,Kush Gordon,0,2017,6,6
418,5ff7dac2c8ee41edffd616f5,mballen,59.72,Greg Hardy Breakfast,Frank,91.6,Kush Gordon,0,2017,8,8
419,5ff7dac2c8ee41edffd616e0,Sendzik,75.04,Sa lt,Mildred,68.96,Mildred's Redskins,0,2017,5,5
420,5ff7dac2c8ee41edffd616eb,Sendzik,81.18,Sa lt,Tarpey,70.88,Roll Safe,0,2017,7,7
421,5ff7dac2c8ee41edffd616ea,Kindy,106.74,Brady's Balls: Truly Inflated,Ben,78.78,beckley poopers,0,2017,7,7
422,5ff7dac2c8ee41edffd616ef,mballen,103.76,Greg Hardy Breakfast,Mildred,69.32,Mildred's Redskins,0,2017,7,7
423,5ff7dac2c8ee41edffd616fc,Mildred,42.78,Mildred's Redskins,Charles,97.48,Fear Boners,0,2017,9,9
424,5ff7dac2c8ee41edffd61700,Ben,60.44,beckley poopers,Jake,108.16,Timothy Teblows,0,2017,10,10
425,5ff7dac2c8ee41edffd6170b,Kindy,93.1,Brady's Balls: Truly Inflated,Conti,86.22,VA Beach Warriors,0,2017,11,11
426,5ff7dac2c8ee41edffd61709,Jake,104.0,Timothy Teblows,Tommy,98.8,The Horsegasms,0,2017,11,11
427,5ff7dac2c8ee41edffd61715,Tommy,93.94,The Horsegasms,Conti,71.78,VA Beach Warriors,0,2017,13,13
428,5ff7dac2c8ee41edffd6170a,Mildred,61.88,Mildred's Redskins,Ben,122.76,beckley poopers,0,2017,11,11
429,5ff7dac2c8ee41edffd61701,Charles,114.76,Fear Boners,Samik,101.94,Brady's Balls Brigade,0,2017,10,10
430,5ff7dac2c8ee41edffd6170e,Sendzik,90.42,Sa lt,mballen,68.66,Greg Hardy Breakfast,0,2017,12,12
431,5ff7dac2c8ee41edffd61712,Brando,106.28,Rise Up?,Tommy,90.86,The Horsegasms,0,2017,12,12
432,5ff7dac2c8ee41edffd61716,Frank,129.2,Kush Gordon,Samik,86.92,Brady's Balls Brigade,0,2017,13,13
433,5ff7dac2c8ee41edffd61706,Samik,97.9,Brady's Balls Brigade,Sendzik,80.02,Sa lt,0,2017,11,11
434,5ff7dac2c8ee41edffd61702,Conti,82.82,VA Beach Warriors,mballen,113.24,Greg Hardy Breakfast,0,2017,10,10
435,5ff7dac2c8ee41edffd6170c,Fonti,98.34,TALKIN ABOUT PLAYOFFS,Frank,84.94,Kush Gordon,0,2017,11,11
436,5ff7dac2c8ee41edffd61717,Fonti,80.66,TALKIN ABOUT PLAYOFFS,mballen,83.98,Greg Hardy Breakfast,0,2017,13,13
437,5ff7dac2c8ee41edffd61713,Tarpey,74.82,Roll Safe,Jake,117.84,Timothy Teblows,0,2017,12,12
438,5ff7dac2c8ee41edffd6170f,Conti,74.12,VA Beach Warriors,Samik,160.18,Brady's Balls Brigade,0,2017,12,12
439,5ff7dac2c8ee41edffd61714,Ben,70.8,beckley poopers,Tarpey,81.68,Roll Safe,0,2017,13,13
440,5ff7dac2c8ee41edffd61711,Mildred,46.18,Mildred's Redskins,Fonti,102.56,TALKIN ABOUT PLAYOFFS,0,2017,12,12
441,5ff7dac2c8ee41edffd61710,Frank,87.36,Kush Gordon,Ben,92.74,beckley poopers,0,2017,12,12
442,5ff7dac2c8ee41edffd61703,Brando,55.14,Rise Up?,Kindy,58.86,Brady's Balls: Truly Inflated,0,2017,10,10
443,5ff7dac2c8ee41edffd61704,Mildred,71.78,Mildred's Redskins,Tarpey,77.02,Roll Safe,0,2017,10,10
444,5ff7dac2c8ee41edffd61707,Charles,130.8,Fear Boners,Tarpey,85.58,Roll Safe,0,2017,11,11
445,5ff7dac2c8ee41edffd6171b,Brando,110.22,Rise Up?,Fonti,220.66,TALKIN ABOUT PLAYOFFS,1,2017,15,14
446,5ff7dac2c8ee41edffd61705,Sendzik,67.38,Sa lt,Fonti,84.5,TALKIN ABOUT PLAYOFFS,0,2017,10,10
447,5ff7dac2c8ee41edffd61708,mballen,39.5,Greg Hardy Breakfast,Brando,81.2,Rise Up?,0,2017,11,11
448,5ff7dac2c8ee41edffd6170d,Charles,93.92,Fear Boners,Kindy,86.18,Brady's Balls: Truly Inflated,0,2017,12,12
449,5ff7dac2c8ee41edffd61722,Charles,173.1,Fear Boners,Fonti,198.68,TALKIN ABOUT PLAYOFFS,1,2017,17,16
450,5ff7dac2c8ee41edffd61726,Ben,127.12,beckley poopers,Jake,141.72,Timothy Teblows,2,2017,17,16
451,5ff7dac2c8ee41edffd61719,Jake,102.38,Timothy Teblows,Mildred,60.64,Mildred's Redskins,0,2017,13,13
452,5ff7dac2c8ee41edffd61721,Mildred,90.58,Mildred's Redskins,Kindy,199.28,Brady's Balls: Truly Inflated,2,2017,15,14
453,5ff7dac2c8ee41edffd61727,Kindy,156.16,Brady's Balls: Truly Inflated,Frank,176.42,Kush Gordon,2,2017,17,16
454,5ff7dac2c8ee41edffd61724,Conti,158.06,VA Beach Warriors,mballen,168.8,Greg Hardy Breakfast,2,2017,17,16
455,5ff7dac2c8ee41edffd6171a,Kindy,69.16,Brady's Balls: Truly Inflated,Sendzik,94.6,Sa lt,0,2017,13,13
456,5ff7dac2c8ee41edffd61725,Tarpey,208.0,Roll Safe,Samik,164.96,Brady's Balls Brigade,2,2017,17,16
457,5ff7dac2c8ee41edffd6171f,Tarpey,190.08,Roll Safe,Frank,165.2,Kush Gordon,2,2017,15,14
458,5ff7dac2c8ee41edffd6171e,Jake,155.34,Timothy Teblows,Conti,207.02,VA Beach Warriors,2,2017,15,14
459,5ff7dac2c8ee41edffd6171c,Charles,204.52,Fear Boners,Sendzik,198.82,Sa lt,1,2017,15,14
460,5ff7dac2c8ee41edffd6171d,mballen,232.26,Greg Hardy Breakfast,Samik,121.64,Brady's Balls Brigade,2,2017,15,14
461,5ff7dac2c8ee41edffd61718,Brando,86.02,Rise Up?,Charles,82.72,Fear Boners,0,2017,13,13
462,5ff7dac2c8ee41edffd61720,Ben,153.58,beckley poopers,Tommy,134.96,The Horsegasms,2,2017,15,14
463,5ff7dac2c8ee41edffd61723,Brando,124.4,Rise Up?,Sendzik,172.78,Sa lt,2,2017,17,16
464,5ff7dac2c8ee41edffd61731,Conti,72.76,VA Beach Warriors,Jake,91.26,Dalvin Cook's Hamstrings,0,2018,2,2
465,5ff7dac2c8ee41edffd61730,Ben,57.84,beckley poopers,Charles,88.62,Fear Boners,0,2018,2,2
466,5ff7dac2c8ee41edffd61729,mballen,71.3,Greg Hardy Breakfast,Tommy,96.54,The Horsegasms,0,2018,1,1
467,5ff7dac2c8ee41edffd6172b,Samik,90.26,Brady's Balls Brigade,Sendzik,73.74,Sa lt,0,2018,1,1
468,5ff7dac2c8ee41edffd61728,Mildred,118.92,Mildred's Redskins,Tommy,155.06,The Horsegasms,2,2017,17,16
469,5ff7dac2c8ee41edffd61732,Mildred,51.08,Mildred's Redskins,Brando,92.78,Rise Up?,0,2018,2,2
470,5ff7dac2c8ee41edffd6172a,Tarpey,125.44,Roll Safe,Frank,89.06,DR. SQUANCH,0,2018,1,1
471,5ff7dac2c8ee41edffd61734,Sendzik,99.5,Sa lt,Kindy,98.54,Brady's Balls: Truly Inflated,0,2018,2,2
472,5ff7dac2c8ee41edffd61733,mballen,87.2,Greg Hardy Breakfast,Frank,82.86,DR. SQUANCH,0,2018,2,2
473,5ff7dac2c8ee41edffd6172f,Charles,146.46,Fear Boners,Mildred,72.2,Mildred's Redskins,0,2018,1,1
474,5ff7dac2c8ee41edffd6172c,Conti,89.28,VA Beach Warriors,Ben,92.16,beckley poopers,0,2018,1,1
475,5ff7dac2c8ee41edffd6172e,Fonti,111.12,MR. TWO TIME! TWO TIME!,Brando,76.74,Rise Up?,0,2018,1,1
476,5ff7dac2c8ee41edffd6173d,Fonti,95.54,MR. TWO TIME! TWO TIME!,Mildred,56.5,Mildred's Redskins,0,2018,3,3
477,5ff7dac2c8ee41edffd61735,Samik,115.4,Brady's Balls Brigade,Fonti,97.08,MR. TWO TIME! TWO TIME!,0,2018,2,2
478,5ff7dac2c8ee41edffd6173c,Brando,115.36,Rise Up?,Samik,115.44,Brady's Balls Brigade,0,2018,3,3
479,5ff7dac2c8ee41edffd6173b,Tommy,80.58,The Horsegasms,Charles,139.64,Fear Boners,0,2018,3,3
480,5ff7dac2c8ee41edffd6173a,mballen,80.12,Greg Hardy Breakfast,Ben,57.84,beckley poopers,0,2018,3,3
481,5ff7dac2c8ee41edffd61737,Sendzik,67.8,Sa lt,Frank,98.46,DR. SQUANCH,0,2018,3,3
482,5ff7dac2c8ee41edffd6173e,Kindy,80.52,Brady's Balls: Truly Inflated,Samik,133.68,Brady's Balls Brigade,0,2018,4,4
483,5ff7dac2c8ee41edffd6172d,Kindy,98.04,Brady's Balls: Truly Inflated,Jake,63.42,Dalvin Cook's Hamstrings,0,2018,1,1
484,5ff7dac2c8ee41edffd61738,Conti,88.72,VA Beach Warriors,Kindy,79.6,Brady's Balls: Truly Inflated,0,2018,3,3
485,5ff7dac2c8ee41edffd61748,Conti,93.44,VA Beach Warriors,Brando,66.8,Rise Up?,0,2018,5,5
486,5ff7dac2c8ee41edffd61751,Samik,100.62,Brady's Balls Brigade,Charles,89.04,Fear Boners,0,2018,6,6
487,5ff7dac2c8ee41edffd61759,Samik,104.84,Brady's Balls Brigade,Conti,120.88,VA Beach Warriors,0,2018,7,7
488,5ff7dac2c8ee41edffd61740,Tommy,117.28,The Horsegasms,Ben,52.5,beckley poopers,0,2018,4,4
489,5ff7dac2c8ee41edffd61746,Sendzik,73.28,Sa lt,Ben,62.96,beckley poopers,0,2018,5,5
490,5ff7dac2c8ee41edffd61750,Tommy,103.92,The Horsegasms,Brando,85.6,Rise Up?,0,2018,6,6
491,5ff7dac2c8ee41edffd61760,Charles,117.0,Fear Boners,Ben,19.9,beckley poopers,0,2018,8,8
492,5ff7dac2c8ee41edffd61749,Fonti,94.62,MR. TWO TIME! TWO TIME!,mballen,104.3,Greg Hardy Breakfast,0,2018,5,5
493,5ff7dac2c8ee41edffd6175e,Fonti,113.02,MR. TWO TIME! TWO TIME!,Conti,85.86,VA Beach Warriors,0,2018,8,8
494,5ff7dac2c8ee41edffd61762,Samik,117.06,Brady's Balls Brigade,Kindy,121.36,Brady's Balls: Truly Inflated,0,2018,9,9
495,5ff7dac2c8ee41edffd61758,Tommy,85.88,The Horsegasms,Kindy,56.12,Brady's Balls: Truly Inflated,0,2018,7,7
496,5ff7dac2c8ee41edffd61764,Tarpey,100.9,Roll Safe,mballen,94.4,Greg Hardy Breakfast,0,2018,9,9
497,5ff7dac2c8ee41edffd61761,Brando,98.2,Rise Up?,Sendzik,102.98,Sa lt,0,2018,9,9
498,5ff7dac2c8ee41edffd61742,Mildred,0.0,Mildred's Redskins,mballen,94.26,Greg Hardy Breakfast,0,2018,4,4
499,5ff7dac2c8ee41edffd61755,Ben,77.64,beckley poopers,Mildred,46.52,Mildred's Redskins,0,2018,7,7
500,5ff7dac2c8ee41edffd6174d,Kindy,144.1,Brady's Balls: Truly Inflated,Fonti,103.28,MR. TWO TIME! TWO TIME!,0,2018,6,6
501,5ff7dac2c8ee41edffd61744,Brando,126.56,Rise Up?,Tarpey,76.2,Roll Safe,0,2018,4,4
502,5ff7dac2c8ee41edffd61756,Charles,95.38,Fear Boners,mballen,61.14,Greg Hardy Breakfast,0,2018,7,7
503,5ff7dac2c8ee41edffd6174e,Ben,57.28,beckley poopers,Frank,64.04,DR. SQUANCH,0,2018,6,6
504,5ff7dac2c8ee41edffd6175f,Jake,93.7,Dalvin Cook's Hamstrings,Kindy,74.44,Brady's Balls: Truly Inflated,0,2018,8,8
505,5ff7dac2c8ee41edffd6174f,mballen,87.66,Greg Hardy Breakfast,Jake,65.26,Dalvin Cook's Hamstrings,0,2018,6,6
506,5ff7dac2c8ee41edffd61747,Jake,80.14,Dalvin Cook's Hamstrings,Samik,110.74,Brady's Balls Brigade,0,2018,5,5
507,5ff7dac2c8ee41edffd61745,Frank,120.08,DR. SQUANCH,Charles,54.42,Fear Boners,0,2018,5,5
508,5ff7dac2c8ee41edffd6175c,Brando,90.6,Rise Up?,mballen,105.68,Greg Hardy Breakfast,0,2018,8,8
509,5ff7dac2c8ee41edffd61736,Tarpey,113.44,Roll Safe,Tommy,91.58,The Horsegasms,0,2018,2,2
510,5ff7dac2c8ee41edffd61743,Charles,128.18,Fear Boners,Jake,122.48,Dalvin Cook's Hamstrings,0,2018,4,4
511,5ff7dac2c8ee41edffd61757,Tarpey,124.42,Roll Safe,Fonti,71.76,MR. TWO TIME! TWO TIME!,0,2018,7,7
512,5ff7dac2c8ee41edffd6173f,Frank,111.96,DR. SQUANCH,Fonti,65.64,MR. TWO TIME! TWO TIME!,0,2018,4,4
513,5ff7dac2c8ee41edffd61741,Sendzik,46.74,Sa lt,Conti,105.06,VA Beach Warriors,0,2018,4,4
514,5ff7dac2c8ee41edffd6175b,Sendzik,112.96,Sa lt,Tarpey,103.42,Roll Safe,0,2018,8,8
515,5ff7dac2c8ee41edffd61739,Jake,64.7,Dalvin Cook's Hamstrings,Tarpey,83.54,Roll Safe,0,2018,3,3
516,5ff7dac2c8ee41edffd61753,Jake,92.02,Dalvin Cook's Hamstrings,Sendzik,105.06,Sa lt,0,2018,7,7
517,5ff7dac2c8ee41edffd6174c,Tarpey,141.78,Roll Safe,Conti,117.8,VA Beach Warriors,0,2018,6,6
518,5ff7dac2c8ee41edffd6175d,Frank,83.9,DR. SQUANCH,Samik,124.96,Brady's Balls Brigade,0,2018,8,8
519,5ff7dac2c8ee41edffd61754,Frank,79.88,DR. SQUANCH,Brando,81.46,Rise Up?,0,2018,7,7
520,5ff7dac2c8ee41edffd61763,Tommy,76.06,The Horsegasms,Jake,55.34,Dalvin Cook's Hamstrings,0,2018,9,9
521,5ff7dac2c8ee41edffd6174b,Kindy,115.78,Brady's Balls: Truly Inflated,Tarpey,109.46,Roll Safe,0,2018,5,5
522,5ff7dac2c8ee41edffd61752,Mildred,64.42,Mildred's Redskins,Sendzik,98.2,Sa lt,0,2018,6,6
523,5ff7dac2c8ee41edffd6174a,Mildred,40.7,Mildred's Redskins,Tommy,68.32,The Horsegasms,0,2018,5,5
524,5ff7dac2c8ee41edffd6175a,Tommy,91.8,The Horsegasms,Mildred,58.32,Mildred's Redskins,0,2018,8,8
525,5ff7dac2c8ee41edffd61765,Ben,47.52,beckley poopers,Fonti,86.14,MR. TWO TIME! TWO TIME!,0,2018,9,9
526,5ff7dac2c8ee41edffd61772,Conti,101.5,VA Beach Warriors,Samik,131.68,Brady's Balls Brigade,0,2018,11,11
527,5ff7dac2c8ee41edffd61767,Mildred,45.54,Mildred's Redskins,Charles,105.92,Fear Boners,0,2018,9,9
528,5ff7dac2c8ee41edffd61766,Conti,85.16,VA Beach Warriors,Frank,96.64,DR. SQUANCH,0,2018,9,9
529,5ff7dac2c8ee41edffd6176a,mballen,98.32,Greg Hardy Breakfast,Mildred,54.02,Mildred's Redskins,0,2018,10,10
530,5ff7dac2c8ee41edffd61768,Kindy,120.66,Brady's Balls: Truly Inflated,Conti,65.86,VA Beach Warriors,0,2018,10,10
531,5ff7dac2c8ee41edffd61771,Kindy,71.38,Brady's Balls: Truly Inflated,Sendzik,95.38,Sa lt,0,2018,11,11
532,5ff7dac2c8ee41edffd6176f,Mildred,34.7,Mildred's Redskins,Tarpey,121.22,Roll Safe,0,2018,11,11
533,5ff7dac2c8ee41edffd6176d,Brando,115.1,Rise Up?,Fonti,55.0,MR. TWO TIME! TWO TIME!,0,2018,10,10
534,5ff7dac2c8ee41edffd61769,Charles,106.24,Fear Boners,Tommy,35.02,The Horsegasms,0,2018,10,10
535,5ff7dac2c8ee41edffd6176c,Frank,110.42,DR. SQUANCH,Tarpey,151.26,Roll Safe,0,2018,10,10
536,5ff7dac2c8ee41edffd61770,Jake,46.64,Dalvin Cook's Hamstrings,Fonti,59.6,MR. TWO TIME! TWO TIME!,0,2018,11,11
537,5ff7dac2c8ee41edffd6176e,Sendzik,63.82,Sa lt,Jake,36.3,Dalvin Cook's Hamstrings,0,2018,10,10
538,5ff7dac2c8ee41edffd61781,Tarpey,122.44,Roll Safe,Ben,76.66,beckley poopers,0,2018,13,13
539,5ff7dac2c8ee41edffd61788,Conti,102.62,VA Beach Warriors,Sendzik,61.0,Sa lt,0,2018,14,14
540,5ff7dac2c8ee41edffd61782,Frank,76.38,DR. SQUANCH,Mildred,23.5,Mildred's Redskins,0,2018,13,13
541,5ff7dac2c8ee41edffd6176b,Ben,52.62,beckley poopers,Samik,102.9,Brady's Balls Brigade,0,2018,10,10
542,5ff7dac2c8ee41edffd61786,Tommy,61.6,The Horsegasms,mballen,76.28,Greg Hardy Breakfast,0,2018,14,14
543,5ff7dac2c8ee41edffd6177c,Fonti,59.7,MR. TWO TIME! TWO TIME!,Tarpey,115.32,Roll Safe,0,2018,12,12
544,5ff7dac2c8ee41edffd61773,Brando,119.34,Rise Up?,Charles,111.92,Fear Boners,0,2018,11,11
545,5ff7dac2c8ee41edffd61784,Mildred,37.44,Mildred's Redskins,Ben,42.3,beckley poopers,0,2018,14,14
546,5ff7dac2c8ee41edffd61775,Frank,127.42,DR. SQUANCH,Tommy,49.92,The Horsegasms,0,2018,11,11
547,5ff7dac2c8ee41edffd61778,mballen,92.68,Greg Hardy Breakfast,Charles,122.74,Fear Boners,0,2018,12,12
548,5ff7dac2c8ee41edffd61776,Ben,85.86,beckley poopers,Tommy,80.44,The Horsegasms,0,2018,12,12
549,5ff7dac2c8ee41edffd6177d,mballen,89.24,Greg Hardy Breakfast,Kindy,70.22,Brady's Balls: Truly Inflated,0,2018,13,13
550,5ff7dac2c8ee41edffd61779,Jake,82.44,Dalvin Cook's Hamstrings,Conti,116.22,VA Beach Warriors,0,2018,12,12
551,5ff7dac2c8ee41edffd6178c,Conti,69.36,VA Beach Warriors,Charles,64.82,Fear Boners,1,2018,15,15
552,5ff7dac2c8ee41edffd6178b,Sendzik,126.74,Sa lt,mballen,95.94,Greg Hardy Breakfast,1,2018,15,15
553,5ff7dac2c8ee41edffd61785,Charles,102.24,Fear Boners,Kindy,85.24,Brady's Balls: Truly Inflated,0,2018,14,14
554,5ff7dac2c8ee41edffd6177e,Fonti,52.8,MR. TWO TIME! TWO TIME!,Sendzik,60.8,Sa lt,0,2018,13,13
555,5ff7dac2c8ee41edffd6177b,Brando,109.18,Rise Up?,Frank,90.12,DR. SQUANCH,0,2018,12,12
556,5ff7dac2c8ee41edffd61787,Tarpey,93.88,Roll Safe,Brando,90.88,Rise Up?,0,2018,14,14
557,5ff7dac2c8ee41edffd61789,Samik,119.32,Brady's Balls Brigade,Jake,58.42,Dalvin Cook's Hamstrings,0,2018,14,14
558,5ff7dac2c8ee41edffd6177f,Charles,78.78,Fear Boners,Conti,81.98,VA Beach Warriors,0,2018,13,13
559,5ff7dac2c8ee41edffd6177a,Sendzik,71.54,Sa lt,Samik,147.78,Brady's Balls Brigade,0,2018,12,12
560,5ff7dac2c8ee41edffd61780,Jake,70.06,Dalvin Cook's Hamstrings,Brando,87.64,Rise Up?,0,2018,13,13
561,5ff7dac2c8ee41edffd6178a,Fonti,98.0,MR. TWO TIME! TWO TIME!,Frank,71.86,DR. SQUANCH,0,2018,14,14
562,5ff7dac2c8ee41edffd61774,Ben,66.94,beckley poopers,mballen,83.46,Greg Hardy Breakfast,0,2018,11,11
563,5ff7dac2c8ee41edffd61777,Kindy,80.32,Brady's Balls: Truly Inflated,Mildred,62.52,Mildred's Redskins,0,2018,12,12
564,5ff7dac2c8ee41edffd61783,Samik,120.24,Brady's Balls Brigade,Tommy,70.06,The Horsegasms,0,2018,13,13
565,5ff7dac2c8ee41edffd6178d,Brando,89.04,Rise Up?,Tommy,55.24,The Horsegasms,2,2018,15,15
566,5ff7dac2c8ee41edffd6178e,Kindy,46.26,Brady's Balls: Truly Inflated,Frank,71.78,DR. SQUANCH,2,2018,15,15
567,5ff7dac2c8ee41edffd6178f,Ben,32.72,beckley poopers,Fonti,61.8,MR. TWO TIME! TWO TIME!,2,2018,15,15
568,5ff7dac2c8ee41edffd61791,Bye,0.0,Bye,Samik,73.6,Brady's Balls Brigade,1,2018,15,15
569,5ff7dac2c8ee41edffd6179a,Conti,99.9,VA Beach Warriors,Tarpey,133.14,Roll Safe,1,2018,17,17
570,5ff7dac2c8ee41edffd617a1,Frank,91.16,DR. SQUANCH,Tarpey,75.64,Roll Safe,0,2019,1,1
571,5ff7dac2c8ee41edffd6179e,Mildred,12.44,Mildred's Redskins,Kindy,56.14,Brady's Balls: Truly Inflated,2,2018,17,17
572,5ff7dac2c8ee41edffd61797,Jake,74.94,Dalvin Cook's Hamstrings,Fonti,107.56,MR. TWO TIME! TWO TIME!,2,2018,16,16
573,5ff7dac2c8ee41edffd61790,Mildred,48.18,Mildred's Redskins,Jake,75.68,Dalvin Cook's Hamstrings,2,2018,15,15
574,5ff7dac2c8ee41edffd61794,Sendzik,83.38,Sa lt,Tarpey,100.02,Roll Safe,1,2018,16,16
575,5ff7dac2c8ee41edffd61799,Mildred,49.18,Mildred's Redskins,Ben,29.34,beckley poopers,2,2018,16,16
576,5ff7dac2c8ee41edffd61798,Kindy,93.28,Brady's Balls: Truly Inflated,Tommy,58.94,The Horsegasms,2,2018,16,16
577,5ff7dac2c8ee41edffd61792,Bye,0.0,Bye,Tarpey,99.72,Roll Safe,1,2018,15,15
578,5ff7dac2c8ee41edffd6179f,Ben,39.94,beckley poopers,Tommy,107.88,The Horsegasms,2,2018,17,17
579,5ff7dac2c8ee41edffd61795,mballen,176.94,Greg Hardy Breakfast,Charles,151.74,Fear Boners,2,2018,17,16
580,5ff7dac2c8ee41edffd6179b,Sendzik,113.56,Sa lt,Samik,70.18,Brady's Balls Brigade,2,2018,17,17
581,5ff7dac2c8ee41edffd617a0,Jake,103.8,Dalvin Cook's Shoulder,Kindy,68.08,Brady's Balls: Truly Inflated,0,2019,1,1
582,5ff7dac2c8ee41edffd6179d,Jake,92.3,Dalvin Cook's Hamstrings,Brando,100.72,Rise Up?,2,2018,17,17
583,5ff7dac2c8ee41edffd61793,Conti,112.56,VA Beach Warriors,Samik,109.22,Brady's Balls Brigade,1,2018,16,16
584,5ff7dac2c8ee41edffd61796,Frank,117.38,DR. SQUANCH,Brando,93.26,Rise Up?,2,2018,16,16
585,5ff7dac2c8ee41edffd6179c,Fonti,64.08,MR. TWO TIME! TWO TIME!,Frank,85.1,DR. SQUANCH,2,2018,17,17
586,5ff7dac2c8ee41edffd617c3,Conti,104.5,VA Beach Warriors,Brad,120.74,SimsCity17: Top OfTheTannehill,0,2019,6,6
587,5ff7dac2c8ee41edffd617c6,Charles,60.94,Fear Boners,Sendzik,74.62,Sa lt,0,2019,6,6
588,5ff7dac2c8ee41edffd617ad,Tommy,71.5,The Horsegasms,mballen,55.32,Greg Hardy Breakfast,0,2019,2,2
589,5ff7dac2c8ee41edffd617ae,Charles,87.46,Fear Boners,Brando,91.02,Rise Up?,0,2019,3,3
590,5ff7dac2c8ee41edffd617a2,Sendzik,159.52,Sa lt,Conti,101.42,VA Beach Warriors,0,2019,1,1
591,5ff7dac2c8ee41edffd617b9,Conti,91.2,VA Beach Warriors,Jake,120.0,Dalvin Cook's Shoulder,0,2019,4,4
592,5ff7dac2c8ee41edffd617a7,Fonti,59.92,MR. TWO TIME! TWO TIME!,Charles,100.04,Fear Boners,0,2019,2,2
593,5ff7dac2c8ee41edffd617c8,Samik,62.76,Brady's Balls Brigade,Tarpey,96.42,Roll Safe,0,2019,6,6
594,5ff7dac2c8ee41edffd617bc,Tommy,117.84,The Horsegasms,Fonti,83.5,MR. TWO TIME! TWO TIME!,0,2019,5,5
595,5ff7dac2c8ee41edffd617a5,Brando,64.16,Rise Up?,Fonti,97.76,MR. TWO TIME! TWO TIME!,0,2019,1,1
596,5ff7dac2c8ee41edffd617c0,mballen,80.16,Greg Hardy Breakfast,Frank,118.2,DR. SQUANCH,0,2019,5,5
597,5ff7dac2c8ee41edffd617b8,Sendzik,70.4,Sa lt,Mildred,85.38,Mildred's Redskins,0,2019,4,4
598,5ff7dac2c8ee41edffd617be,Brad,73.04,SimsCity17: Top OfTheTannehill,Samik,125.02,Brady's Balls Brigade,0,2019,5,5
599,5ff7dac2c8ee41edffd617b7,Brad,92.18,SimsCity17: Top OfTheTannehill,Tommy,75.8,The Horsegasms,0,2019,4,4
600,5ff7dac2c8ee41edffd617c2,Brando,117.14,Rise Up?,Jake,131.42,Dalvin Cook's Shoulder,0,2019,5,5
601,5ff7dac2c8ee41edffd617ac,Mildred,72.46,Mildred's Redskins,Frank,99.8,DR. SQUANCH,0,2019,2,2
602,5ff7dac2c8ee41edffd617bf,Conti,135.64,VA Beach Warriors,Kindy,95.7,Brady's Balls: Truly Inflated,0,2019,5,5
603,5ff7dac2c8ee41edffd617b3,Samik,115.44,Brady's Balls Brigade,Sendzik,112.06,Sa lt,0,2019,3,3
604,5ff7dac2c8ee41edffd617b1,Brad,82.38,SimsCity17: Top OfTheTannehill,mballen,66.44,Greg Hardy Breakfast,0,2019,3,3
605,5ff7dac2c8ee41edffd617a9,Jake,105.5,Dalvin Cook's Shoulder,Samik,94.46,Brady's Balls Brigade,0,2019,2,2
606,5ff7dac2c8ee41edffd617c5,mballen,130.0,Greg Hardy Breakfast,Brando,79.0,Rise Up?,0,2019,6,6
607,5ff7dac2c8ee41edffd617bd,Tarpey,99.0,Roll Safe,Sendzik,110.74,Sa lt,0,2019,5,5
608,5ff7dac2c8ee41edffd617a3,mballen,62.1,Greg Hardy Breakfast,Mildred,100.92,Mildred's Redskins,0,2019,1,1
609,5ff7dac2c8ee41edffd617c9,Jake,108.6,Dalvin Cook's Shoulder,Mildred,59.42,Mildred's Redskins,0,2019,6,6
610,5ff7dac2c8ee41edffd617af,Frank,132.56,DR. SQUANCH,Kindy,75.98,Brady's Balls: Truly Inflated,0,2019,3,3
611,5ff7dac2c8ee41edffd617ab,Kindy,74.4,Brady's Balls: Truly Inflated,Sendzik,71.32,Sa lt,0,2019,2,2
612,5ff7dac2c8ee41edffd617b5,Kindy,96.14,Brady's Balls: Truly Inflated,Samik,43.5,Brady's Balls Brigade,0,2019,4,4
613,5ff7dac2c8ee41edffd617aa,Brad,99.48,SimsCity17: Top OfTheTannehill,Tarpey,123.12,Roll Safe,0,2019,2,2
614,5ff7dac2c8ee41edffd617c7,Frank,100.34,DR. SQUANCH,Tommy,62.3,The Horsegasms,0,2019,6,6
615,5ff7dac2c8ee41edffd617b6,Fonti,41.88,MR. TWO TIME! TWO TIME!,Frank,73.18,DR. SQUANCH,0,2019,4,4
616,5ff7dac2c8ee41edffd617b4,Conti,122.64,VA Beach Warriors,Fonti,122.4,MR. TWO TIME! TWO TIME!,0,2019,3,3
617,5ff7dac2c8ee41edffd617b2,Tommy,74.2,The Horsegasms,Mildred,95.5,Mildred's Redskins,0,2019,3,3
618,5ff7dac2c8ee41edffd617ba,mballen,90.96,Greg Hardy Breakfast,Charles,79.8,Fear Boners,0,2019,4,4
619,5ff7dac2c8ee41edffd617b0,Jake,120.14,Dalvin Cook's Shoulder,Tarpey,74.62,Roll Safe,0,2019,3,3
620,5ff7dac2c8ee41edffd617a4,Tommy,84.14,The Horsegasms,Samik,100.94,Brady's Balls Brigade,0,2019,1,1
621,5ff7dac2c8ee41edffd617a6,Charles,126.02,Fear Boners,Brad,114.46,SimsCity17: Top OfTheTannehill,0,2019,1,1
622,5ff7dac2c8ee41edffd617a8,Brando,65.62,Rise Up?,Conti,90.16,VA Beach Warriors,0,2019,2,2
623,5ff7dac2c8ee41edffd617c1,Mildred,70.42,Mildred's Redskins,Charles,70.56,Fear Boners,0,2019,5,5
624,5ff7dac2c8ee41edffd617c4,Kindy,91.1,Brady's Balls: Truly Inflated,Fonti,67.7,MR. TWO TIME! TWO TIME!,0,2019,6,6
625,5ff7dac2c8ee41edffd617bb,Tarpey,107.98,Roll Safe,Brando,75.0,Rise Up?,0,2019,4,4
626,5ff7dac2c8ee41edffd617ca,Sendzik,108.38,Sa lt,Jake,69.14,Dalvin Cook's Shoulder,0,2019,7,7
627,5ff7dac2c8ee41edffd617cb,Frank,60.96,DR. SQUANCH,Brando,69.06,Rise Up?,0,2019,7,7
628,5ff7dac2c8ee41edffd617e5,Sendzik,135.44,Sa lt,Kindy,87.76,Brady's Balls: Truly Inflated,0,2019,10,10
629,5ff7dac2c8ee41edffd617e4,Fonti,103.9,MR. TWO TIME! TWO TIME!,Brando,76.48,Rise Up?,0,2019,10,10
630,5ff7dac2c8ee41edffd617cc,Mildred,105.46,Mildred's Redskins,Brad,80.22,SimsCity17: Top OfTheTannehill,0,2019,7,7
631,5ff7dac2c8ee41edffd617d6,Fonti,101.16,MR. TWO TIME! TWO TIME!,Jake,62.38,Dalvin Cook's Shoulder,0,2019,8,8
632,5ff7dac2c8ee41edffd617e7,Samik,80.44,Brady's Balls Brigade,Jake,73.02,Dalvin Cook's Shoulder,0,2019,11,11
633,5ff7dac2c8ee41edffd617d9,Tommy,88.76,The Horsegasms,Tarpey,100.82,Roll Safe,0,2019,9,9
634,5ff7dac2c8ee41edffd617d7,Tarpey,102.98,Roll Safe,Charles,68.54,Fear Boners,0,2019,8,8
635,5ff7dac2c8ee41edffd617e0,Samik,90.16,Brady's Balls Brigade,Charles,52.32,Fear Boners,0,2019,10,10
636,5ff7dac2c8ee41edffd617e6,Tarpey,58.04,Roll Safe,Kindy,51.4,Brady's Balls: Truly Inflated,0,2019,11,11
637,5ff7dac2c8ee41edffd617d3,Mildred,78.3,Mildred's Redskins,mballen,122.02,Greg Hardy Breakfast,0,2019,8,8
638,5ff7dac2c8ee41edffd617df,Jake,75.52,Dalvin Cook's Shoulder,Conti,85.28,VA Beach Warriors,0,2019,10,10
639,5ff7dac2c8ee41edffd617de,Kindy,89.14,Brady's Balls: Truly Inflated,Mildred,79.14,Mildred's Redskins,0,2019,9,9
640,5ff7dac2c8ee41edffd617da,Frank,61.06,DR. SQUANCH,Jake,98.6,Dalvin Cook's Shoulder,0,2019,9,9
641,5ff7dac2c8ee41edffd617d1,Brando,90.2,Rise Up?,Tommy,54.28,The Horsegasms,0,2019,8,8
642,5ff7dac2c8ee41edffd617ce,Tarpey,105.02,Roll Safe,Fonti,64.84,MR. TWO TIME! TWO TIME!,0,2019,7,7
643,5ff7dac2c8ee41edffd617e2,Brad,81.32,SimsCity17: Top OfTheTannehill,Mildred,113.72,Mildred's Redskins,0,2019,10,10
644,5ff7dac2c8ee41edffd617d0,Samik,54.86,Brady's Balls Brigade,Conti,115.42,VA Beach Warriors,0,2019,7,7
645,5ff7dac2c8ee41edffd617e8,Fonti,59.9,MR. TWO TIME! TWO TIME!,Sendzik,102.08,Sa lt,0,2019,11,11
646,5ff7dac2c8ee41edffd617dc,Fonti,74.1,MR. TWO TIME! TWO TIME!,Brad,89.8,SimsCity17: Top OfTheTannehill,0,2019,9,9
647,5ff7dac2c8ee41edffd617db,Charles,56.46,Fear Boners,mballen,66.96,Greg Hardy Breakfast,0,2019,9,9
648,5ff7dac2c8ee41edffd617d8,Conti,102.34,VA Beach Warriors,Sendzik,118.8,Sa lt,0,2019,9,9
649,5ff7dac2c8ee41edffd617d4,Brad,84.42,SimsCity17: Top OfTheTannehill,Frank,146.96,DR. SQUANCH,0,2019,8,8
650,5ff7dac2c8ee41edffd617cf,Kindy,74.66,Brady's Balls: Truly Inflated,mballen,84.54,Greg Hardy Breakfast,0,2019,7,7
651,5ff7dac2c8ee41edffd617e9,Conti,92.36,VA Beach Warriors,Frank,87.74,DR. SQUANCH,0,2019,11,11
652,5ff7dac2c8ee41edffd617d5,Kindy,115.68,Brady's Balls: Truly Inflated,Conti,137.56,VA Beach Warriors,0,2019,8,8
653,5ff7dac2c8ee41edffd617e1,mballen,66.48,Greg Hardy Breakfast,Tommy,111.02,The Horsegasms,0,2019,10,10
654,5ff7dac2c8ee41edffd617dd,Samik,64.8,Brady's Balls Brigade,Brando,120.9,Rise Up?,0,2019,9,9
655,5ff7dac2c8ee41edffd617cd,Charles,96.54,Fear Boners,Tommy,91.94,The Horsegasms,0,2019,7,7
656,5ff7dac2c8ee41edffd617d2,Sendzik,93.86,Sa lt,Samik,79.96,Brady's Balls Brigade,0,2019,8,8
657,5ff7dac2c8ee41edffd617e3,Tarpey,82.98,Roll Safe,Frank,95.68,DR. SQUANCH,0,2019,10,10
658,5ff7dac2c8ee41edffd617f0,Conti,112.02,VA Beach Warriors,Samik,83.7,Brady's Balls Brigade,0,2019,12,12
659,5ff7dac2c8ee41edffd617f1,Sendzik,93.3,Sa lt,mballen,92.84,Greg Hardy Breakfast,0,2019,12,12
660,5ff7dac2c8ee41edffd617ef,Kindy,80.68,Brady's Balls: Truly Inflated,Jake,146.02,Dalvin Cook's Shoulder,0,2019,12,12
661,5ff7dac2c8ee41edffd617ed,Tommy,88.3,The Horsegasms,Brad,110.06,SimsCity17: Top OfTheTannehill,0,2019,12,12
662,5ff7dac2c8ee41edffd617eb,mballen,80.38,Greg Hardy Breakfast,Brad,96.58,SimsCity17: Top OfTheTannehill,0,2019,11,11
663,5ff7dac2c8ee41edffd617ea,Tommy,94.12,The Horsegasms,Charles,111.16,Fear Boners,0,2019,11,11
664,5ff7dac2c8ee41edffd617ec,Mildred,94.8,Mildred's Redskins,Brando,70.22,Rise Up?,0,2019,11,11
665,5ff7dac2c8ee41edffd617ee,Charles,53.04,Fear Boners,Mildred,70.26,Mildred's Redskins,0,2019,12,12
666,5ff7dac2c8ee41edffd617f3,Frank,68.14,DR. SQUANCH,Fonti,48.6,MR. TWO TIME! TWO TIME!,0,2019,12,12
667,5ff7dac2c8ee41edffd617f2,Brando,88.58,Rise Up?,Tarpey,51.4,Roll Safe,0,2019,12,12
668,5ff7dac2c8ee41edffd617f5,Mildred,106.32,Mildred's Redskins,Fonti,86.06,MR. TWO TIME! TWO TIME!,0,2019,13,13
669,5ff7dac2c8ee41edffd617f4,Tarpey,101.7,Roll Safe,Conti,76.6,VA Beach Warriors,0,2019,13,13
670,5ff7dac2c8ee41edffd617fd,Brad,82.9,SimsCity17: Top OfTheTannehill,Charles,114.7,Fear Boners,0,2019,14,14
671,5ff7dac2c8ee41edffd617f6,Charles,95.14,Fear Boners,Kindy,71.8,Brady's Balls: Truly Inflated,0,2019,13,13
672,5ff7dac2c8ee41edffd617fc,mballen,126.06,Greg Hardy Breakfast,Conti,78.68,VA Beach Warriors,0,2019,14,14
673,5ff7dac2c8ee41edffd6180c,Jake,155.74,Dalvin Cook's Shoulder,Mildred,194.86,Mildred's Redskins,2,2019,17,16
674,5ff7dac2c8ee41edffd6180b,Tarpey,72.26,Roll Safe,Frank,100.16,DR. SQUANCH,1,2019,16,16
675,5ff7dac2c8ee41edffd617f7,Jake,54.42,Dalvin Cook's Shoulder,mballen,97.76,Greg Hardy Breakfast,0,2019,13,13
676,5ff7dac2c8ee41edffd617fe,Fonti,66.1,MR. TWO TIME! TWO TIME!,Tarpey,85.4,Roll Safe,0,2019,14,14
677,5ff7dac2c8ee41edffd617ff,Jake,110.24,Dalvin Cook's Shoulder,Sendzik,84.32,Sa lt,0,2019,14,14
678,5ff7dac2c8ee41edffd61803,Conti,122.32,VA Beach Warriors,Mildred,55.22,Mildred's Redskins,1,2019,15,15
679,5ff7dac2c8ee41edffd61801,Brando,86.08,Rise Up?,Frank,75.12,DR. SQUANCH,0,2019,14,14
680,5ff7dac2c8ee41edffd61806,Samik,49.12,Brady's Balls Brigade,Kindy,78.28,Brady's Balls: Truly Inflated,2,2019,15,15
681,5ff7dac2c8ee41edffd617f8,Brando,54.94,Rise Up?,Brad,86.3,SimsCity17: Top OfTheTannehill,0,2019,13,13
682,5ff7dac2c8ee41edffd617f9,Frank,104.28,DR. SQUANCH,Samik,73.74,Brady's Balls Brigade,0,2019,13,13
683,5ff7dac2c8ee41edffd617fb,Mildred,91.4,Mildred's Redskins,Tommy,67.2,The Horsegasms,0,2019,14,14
684,5ff7dac2c8ee41edffd61800,Samik,97.06,Brady's Balls Brigade,Kindy,103.62,Brady's Balls: Truly Inflated,0,2019,14,14
685,5ff7dac2c8ee41edffd61802,Tarpey,123.14,Roll Safe,Jake,109.22,Dalvin Cook's Shoulder,1,2019,15,15
686,5ff7dac2c8ee41edffd617fa,Sendzik,87.12,Sa lt,Tommy,69.7,The Horsegasms,0,2019,13,13
687,5ff7dac2c8ee41edffd61814,Kindy,74.5,Brady's Balls: Truly Inflated,Brad,127.32,SimsCity17: Top OfTheTannehill,2,2019,17,17
688,5ff7dac2c8ee41edffd61820,Frank,120.3,DR. SQUANCH,Samik,65.2,Brady's Balls Brigade,0,2020,2,2
689,5ff7dac2c8ee41edffd61815,Tommy,98.68,The Horsegasms,mballen,98.32,Greg Hardy Breakfast,2,2019,17,17
690,5ff7dac2c8ee41edffd6182d,Tarpey,79.82,Tarpey's Fall Guys,Frank,73.72,DR. SQUANCH,0,2020,4,4
691,5ff7dac2c8ee41edffd61805,Brando,141.98,Rise Up?,mballen,93.08,Greg Hardy Breakfast,2,2019,15,15
692,5ff7dac2c8ee41edffd61818,Tarpey,97.0,Tarpey's Fall Guys,Fonti,68.6,MR. TWO TIME! MR. TWO TIME!,0,2020,1,1
693,5ff7dac2c8ee41edffd6181b,Charles,71.0,Fear Boners,Brad,79.66,Herbert and Ernie,0,2020,1,1
694,5ff7dac2c8ee41edffd61812,Conti,94.42,VA Beach Warriors,Tarpey,86.22,Roll Safe,2,2019,17,17
695,5ff7dac2c8ee41edffd6181a,Jake,115.7,Dalvin Cook's Groin,Sendzik,113.04,Sal tier,0,2020,1,1
696,5ff7dac2c8ee41edffd61816,Samik,49.64,Brady's Balls Brigade,Charles,51.56,Fear Boners,2,2019,17,17
697,5ff7dac2c8ee41edffd61809,Bye,0.0,Bye,Frank,105.3,DR. SQUANCH,1,2019,15,15
698,5ff7dac2c8ee41edffd6181f,Conti,109.18,VA Beach Warriors,Tarpey,102.74,Tarpey's Fall Guys,0,2020,2,2
699,5ff7dac2c8ee41edffd6182e,Charles,103.82,Fear Boners,Brad,76.04,Herbert and Ernie,0,2020,4,4
700,5ff7dac2c8ee41edffd6180f,mballen,99.16,Greg Hardy Breakfast,Charles,69.72,Fear Boners,2,2019,16,16
701,5ff7dac2c8ee41edffd6181d,Mildred,61.1,Mildred's Redskins,Tommy,79.62,The Horsegasms,0,2020,1,1
702,5ff7dac2c8ee41edffd61829,Brad,103.64,Herbert and Ernie,Tarpey,108.1,Tarpey's Fall Guys,0,2020,3,3
703,5ff7dac2c8ee41edffd61822,Fonti,141.98,MR. TWO TIME! MR. TWO TIME!,Mildred,62.06,Mildred's Redskins,0,2020,2,2
704,5ff7dac2c8ee41edffd61823,Brando,105.72,Rise Up?,Brad,89.06,Herbert and Ernie,0,2020,2,2
705,5ff7dac2c8ee41edffd61808,Bye,0.0,Bye,Sendzik,90.1,Sa lt,1,2019,15,15
706,5ff7dac2c8ee41edffd6180e,Fonti,92.42,MR. TWO TIME! TWO TIME!,Kindy,72.66,Brady's Balls: Truly Inflated,2,2019,16,16
707,5ff7dac2c8ee41edffd61804,Brad,125.38,SimsCity17: Top OfTheTannehill,Charles,83.9,Fear Boners,2,2019,15,15
708,5ff7dac2c8ee41edffd61807,Fonti,107.72,MR. TWO TIME! TWO TIME!,Tommy,66.9,The Horsegasms,2,2019,15,15
709,5ff7dac2c8ee41edffd61817,Conti,78.04,VA Beach Warriors,mballen,62.7,Greg Hardy Breakfast,0,2020,1,1
710,5ff7dac2c8ee41edffd6182b,Conti,59.02,VA Beach Warriors,Brando,74.5,Rise Up?,0,2020,3,3
711,5ff7dac2c8ee41edffd61813,Fonti,61.26,MR. TWO TIME! TWO TIME!,Brando,89.48,Rise Up?,2,2019,17,17
712,5ff7dac2c8ee41edffd6180d,Brando,135.48,Rise Up?,Brad,103.32,SimsCity17: Top OfTheTannehill,2,2019,16,16
713,5ff7dac2c8ee41edffd61827,Mildred,65.58,Mildred's Redskins,Frank,131.14,DR. SQUANCH,0,2020,3,3
714,5ff7dac2c8ee41edffd61826,Samik,99.26,Brady's Balls Brigade,Jake,99.3,Dalvin Cook's Groin,0,2020,3,3
715,5ff7dac2c8ee41edffd61825,Kindy,100.98,Enthusiasm is Contagious!,Sendzik,86.98,Sal tier,0,2020,3,3
716,5ff7dac2c8ee41edffd61810,Tommy,123.58,The Horsegasms,Samik,90.94,Brady's Balls Brigade,2,2019,16,16
717,5ff7dac2c8ee41edffd6181c,Kindy,107.36,Enthusiasm is Contagious!,Samik,83.12,Brady's Balls Brigade,0,2020,1,1
718,5ff7dac2c8ee41edffd61828,Tommy,70.88,The Horsegasms,mballen,101.34,Greg Hardy Breakfast,0,2020,3,3
719,5ff7dac2c8ee41edffd61811,Frank,70.62,DR. SQUANCH,Sendzik,95.76,Sa lt,1,2019,17,17
720,5ff7dac2c8ee41edffd6180a,Conti,68.46,VA Beach Warriors,Sendzik,81.04,Sa lt,1,2019,16,16
721,5ff7dac2c8ee41edffd61819,Brando,123.98,Rise Up?,Frank,118.88,DR. SQUANCH,0,2020,1,1
722,5ff7dac2c8ee41edffd61824,Sendzik,106.6,Sal tier,Tommy,76.66,The Horsegasms,0,2020,2,2
723,5ff7dac2c8ee41edffd6181e,mballen,105.08,Greg Hardy Breakfast,Jake,87.18,Dalvin Cook's Groin,0,2020,2,2
724,5ff7dac2c8ee41edffd6182c,Fonti,111.5,MR. TWO TIME! MR. TWO TIME!,Brando,82.1,Rise Up?,0,2020,4,4
725,5ff7dac2c8ee41edffd6182a,Charles,126.8,Fear Boners,Fonti,102.78,MR. TWO TIME! MR. TWO TIME!,0,2020,3,3
726,5ff7dac2c8ee41edffd61821,Charles,109.38,Fear Boners,Kindy,71.48,Enthusiasm is Contagious!,0,2020,2,2
727,5ff7dac2c8ee41edffd61834,Brando,73.58,Rise Up?,Charles,71.12,Fear Boners,0,2020,5,5
728,5ff7dac2c8ee41edffd61841,Frank,100.38,DR. SQUANCH,Fonti,111.22,MR. TWO TIME! MR. TWO TIME!,0,2020,7,7
729,5ff7dac2c8ee41edffd61849,Tarpey,84.66,Tarpey's Fall Guys,Samik,74.78,Brady's Balls Brigade,0,2020,8,8
730,5ff7dac2c8ee41edffd61846,Samik,83.96,Brady's Balls Brigade,Kindy,93.56,Enthusiasm is Contagious!,0,2020,7,7
731,5ff7dac2c8ee41edffd61845,Tommy,70.04,The Horsegasms,Brad,99.5,Herbert and Ernie,0,2020,7,7
732,5ff7dac2c8ee41edffd61848,Frank,103.26,DR. SQUANCH,Tommy,54.64,The Horsegasms,0,2020,8,8
733,5ff7dac2c8ee41edffd61842,Tarpey,124.6,Tarpey's Fall Guys,Brando,107.92,Rise Up?,0,2020,7,7
734,5ff7dac2c8ee41edffd6184b,Jake,77.2,Dalvin Cook's Groin,Mildred,51.82,Mildred's Redskins,0,2020,8,8
735,5ff7dac2c8ee41edffd61832,Tommy,118.36,The Horsegasms,Samik,82.0,Brady's Balls Brigade,0,2020,4,4
736,5ff7dac2c8ee41edffd61836,Jake,85.74,Dalvin Cook's Groin,Tarpey,84.4,Tarpey's Fall Guys,0,2020,5,5
737,5ff7dac2c8ee41edffd6184c,Charles,88.12,Fear Boners,Sendzik,86.96,Sal tier,0,2020,8,8
738,5ff7dac2c8ee41edffd6182f,Jake,73.04,Dalvin Cook's Groin,Kindy,121.8,Enthusiasm is Contagious!,0,2020,4,4
739,5ff7dac2c8ee41edffd6183f,Tarpey,93.12,Tarpey's Fall Guys,Sendzik,72.94,Sal tier,0,2020,6,6
740,5ff7dac2c8ee41edffd6183d,Kindy,114.94,Enthusiasm is Contagious!,Conti,83.3,VA Beach Warriors,0,2020,6,6
741,5ff7dac2c8ee41edffd61850,Sendzik,111.62,Sal tier,Samik,57.14,Brady's Balls Brigade,0,2020,9,9
742,5ff7dac2c8ee41edffd61838,mballen,71.66,Greg Hardy Breakfast,Brad,101.78,Herbert and Ernie,0,2020,5,5
743,5ff7dac2c8ee41edffd61839,Tommy,70.62,The Horsegasms,Mildred,52.8,Mildred's Redskins,0,2020,5,5
744,5ff7dac2c8ee41edffd61843,Sendzik,108.34,Sal tier,Mildred,74.36,Mildred's Redskins,0,2020,7,7
745,5ff7dac2c8ee41edffd6183b,Charles,59.24,Fear Boners,Mildred,77.94,Mildred's Redskins,0,2020,6,6
746,5ff7dac2c8ee41edffd6183a,mballen,69.62,Greg Hardy Breakfast,Frank,94.58,DR. SQUANCH,0,2020,6,6
747,5ff7dac2c8ee41edffd61830,Sendzik,96.68,Sal tier,Conti,78.44,VA Beach Warriors,0,2020,4,4
748,5ff7dac2c8ee41edffd61837,Kindy,91.32,Enthusiasm is Contagious!,Frank,115.52,DR. SQUANCH,0,2020,5,5
749,5ff7dac2c8ee41edffd6184f,Tommy,67.8,The Horsegasms,Brando,99.0,Rise Up?,0,2020,9,9
750,5ff7dac2c8ee41edffd61847,mballen,58.56,Greg Hardy Breakfast,Charles,98.36,Fear Boners,0,2020,7,7
751,5ff7dac2c8ee41edffd6184d,Brad,86.62,Herbert and Ernie,Conti,90.54,VA Beach Warriors,0,2020,8,8
752,5ff7dac2c8ee41edffd6183e,Fonti,100.64,MR. TWO TIME! MR. TWO TIME!,Tommy,80.34,The Horsegasms,0,2020,6,6
753,5ff7dac2c8ee41edffd61835,Conti,137.9,VA Beach Warriors,Fonti,58.26,MR. TWO TIME! MR. TWO TIME!,0,2020,5,5
754,5ff7dac2c8ee41edffd61831,mballen,107.9,Greg Hardy Breakfast,Mildred,61.32,Mildred's Redskins,0,2020,4,4
755,5ff7dac2c8ee41edffd61833,Sendzik,92.44,Sal tier,Samik,92.26,Brady's Balls Brigade,0,2020,5,5
756,5ff7dac2c8ee41edffd61844,Jake,71.26,Dalvin Cook's Groin,Conti,105.9,VA Beach Warriors,0,2020,7,7
757,5ff7dac2c8ee41edffd6183c,Brad,85.22,Herbert and Ernie,Samik,112.8,Brady's Balls Brigade,0,2020,6,6
758,5ff7dac2c8ee41edffd61840,Brando,76.82,Rise Up?,Jake,96.72,Dalvin Cook's Groin,0,2020,6,6
759,5ff7dac2c8ee41edffd6184a,Kindy,93.36,Enthusiasm is Contagious!,Fonti,115.84,MR. TWO TIME! MR. TWO TIME!,0,2020,8,8
760,5ff7dac2c8ee41edffd61852,Mildred,80.1,Mildred's Redskins,mballen,102.4,Greg Hardy Breakfast,0,2020,9,9
761,5ff7dac2c8ee41edffd6184e,mballen,92.14,Greg Hardy Breakfast,Brando,89.44,Rise Up?,0,2020,8,8
762,5ff7dac2c8ee41edffd61854,Fonti,86.66,MR. TWO TIME! MR. TWO TIME!,Jake,87.38,Dalvin Cook's Groin,0,2020,9,9
763,5ff7dac2c8ee41edffd61855,Charles,94.7,Fear Boners,Tarpey,100.92,Tarpey's Fall Guys,0,2020,9,9
764,5ff7dac2c8ee41edffd61853,Brad,71.24,Herbert and Ernie,Frank,106.8,DR. SQUANCH,0,2020,9,9
765,5ff7dac2c8ee41edffd61856,Fonti,97.24,MR. TWO TIME! MR. TWO TIME!,Tarpey,87.7,Tarpey's Fall Guys,0,2020,10,10
766,5ff7dac2c8ee41edffd61851,Kindy,57.06,Enthusiasm is Contagious!,Conti,101.58,VA Beach Warriors,0,2020,9,9
767,5ff7dac2c8ee41edffd61857,Frank,101.26,DR. SQUANCH,Brando,96.02,Rise Up?,0,2020,10,10
768,5ff7dac2c8ee41edffd61867,Jake,66.16,Dalvin Cook's Groin,Conti,107.78,VA Beach Warriors,0,2020,12,12
769,5ff7dac2c8ee41edffd61865,Mildred,68.66,Mildred's Redskins,Brad,76.84,Herbert and Ernie,0,2020,12,12
770,5ff7dac2c8ee41edffd61862,Brando,84.68,Rise Up?,Samik,111.96,Brady's Balls Brigade,0,2020,11,11
771,5ff7dac2c8ee41edffd61859,Brad,84.68,Herbert and Ernie,Mildred,74.96,Mildred's Redskins,0,2020,10,10
772,5ff7dac2c8ee41edffd61868,mballen,86.4,Greg Hardy Breakfast,Tommy,49.9,The Horsegasms,0,2020,12,12
773,5ff7dac2c8ee41edffd61866,Fonti,115.2,MR. TWO TIME! MR. TWO TIME!,Brando,42.7,Rise Up?,0,2020,12,12
774,5ff7dac2c8ee41edffd6185d,Tommy,74.72,The Horsegasms,Tarpey,89.46,Tarpey's Fall Guys,0,2020,11,11
775,5ff7dac2c8ee41edffd61860,Mildred,66.24,Mildred's Redskins,Kindy,112.44,Enthusiasm is Contagious!,0,2020,11,11
776,5ff7dac2c8ee41edffd61864,Tarpey,52.3,Tarpey's Fall Guys,Frank,81.48,DR. SQUANCH,0,2020,12,12
777,5ff7dac2c8ee41edffd6185a,mballen,101.28,Greg Hardy Breakfast,Kindy,77.44,Enthusiasm is Contagious!,0,2020,10,10
778,5ff7dac2c8ee41edffd6185e,Sendzik,72.88,Sal tier,Conti,76.12,VA Beach Warriors,0,2020,11,11
779,5ff7dac2c8ee41edffd61869,Kindy,132.9,Enthusiasm is Contagious!,Sendzik,98.08,Sal tier,0,2020,12,12
780,5ff7dac2c8ee41edffd6185c,Tommy,66.64,The Horsegasms,Charles,85.62,Fear Boners,0,2020,10,10
781,5ff7dac2c8ee41edffd61858,Conti,71.2,VA Beach Warriors,Samik,83.62,Brady's Balls Brigade,0,2020,10,10
782,5ff7dac2c8ee41edffd61861,Frank,91.08,DR. SQUANCH,Jake,92.1,Dalvin Cook's Groin,0,2020,11,11
783,5ff7dac2c8ee41edffd6185f,Brad,87.64,Herbert and Ernie,Fonti,74.28,MR. TWO TIME! MR. TWO TIME!,0,2020,11,11
784,5ff7dac2c8ee41edffd61871,Brad,69.66,EkeLurking Around Playoffs,mballen,96.54,Greg Hardy Breakfast,0,2020,13,13
785,5ff7dac2c8ee41edffd6185b,Jake,63.94,Dalvin Cook's Groin,Sendzik,131.06,Sal tier,0,2020,10,10
786,5ff7dac2c8ee41edffd6186b,Tarpey,98.72,Tarpey's Fall Guys,Kindy,70.18,Enthusiasm is Contagious!,0,2020,13,13
787,5ff7dac2c8ee41edffd61863,Charles,136.28,Fear Boners,mballen,93.34,Greg Hardy Breakfast,0,2020,11,11
788,5ff7dac2c8ee41edffd61875,Charles,94.14,Fear Boners,Mildred,111.92,Mildred's Redskins,0,2020,14,14
789,5ff7dac2c8ee41edffd6186d,Jake,62.8,Dalvin Cook's Groin,Samik,69.58,Brady's Balls Brigade,0,2020,13,13
790,5ff7dac2c8ee41edffd61870,Brando,59.42,Rise Up?,Mildred,53.64,Mildred's Redskins,0,2020,13,13
791,5ff7dac2c8ee41edffd6187b,mballen,83.52,Greg Hardy Breakfast,Frank,103.06,DR. SQUANCH,1,2020,15,15
792,5ff7dac2c8ee41edffd61887,Mildred,83.82,Mildred's Redskins,Tommy,108.68,The Horsegasms,2,2020,16,16
793,5ff7dac2c8ee41edffd6188d,Mildred,96.22,Mildred's Redskins,Brando,56.74,Rise Up?,2,2020,17,17
794,5ff7dac2c8ee41edffd6186e,Sendzik,108.4,Sal tier,Fonti,94.62,MR. TWO TIME! MR. TWO TIME!,0,2020,13,13
795,5ff7dac2c8ee41edffd61873,Brad,90.92,CHansen It This Week,Tommy,94.48,The Horsegasms,0,2020,14,14
796,5ff7dac2c8ee41edffd61885,Brad,99.12,DK Smash,Samik,92.66,Brady's Balls Brigade,2,2020,16,16
797,5ff7dac2c8ee41edffd61878,Conti,131.22,VA Beach Warriors,Samik,91.76,Brady's Balls Brigade,0,2020,14,14
798,5ff7dac2c8ee41edffd6187c,Jake,77.82,Dalvin Cook's Ankle,Conti,92.36,VA Beach Warriors,1,2020,15,15
799,5ff7dac2c8ee41edffd61886,Fonti,84.9,MR. TWO TIME! MR. TWO TIME!,Brando,53.4,Rise Up?,2,2020,16,16
800,5ff7dac2c8ee41edffd61880,Mildred,85.72,Mildred's Redskins,Samik,112.82,Brady's Balls Brigade,2,2020,15,15
801,5ff7dac2c8ee41edffd61883,Jake,168.94,Dalvin Cook's Ankle,mballen,200.48,Greg Hardy Breakfast,2,2020,17,16
802,5ff7dac2c8ee41edffd6186c,Charles,109.38,Fear Boners,Tommy,77.66,The Horsegasms,0,2020,13,13
803,5ff7dac2c8ee41edffd6188c,Fonti,62.06,MR. TWO TIME! MR. TWO TIME!,Tommy,130.68,The Horsegasms,2,2020,17,17
804,5ff7dac2c8ee41edffd61882,Conti,90.52,VA Beach Warriors,Charles,119.94,Fear Boners,1,2020,16,16
805,5ff7dac2c8ee41edffd61874,mballen,95.28,Greg Hardy Breakfast,Sendzik,86.5,Sal tier,0,2020,14,14
806,5ff7dac2c8ee41edffd61876,Kindy,95.14,Enthusiasm is Contagious!,Jake,104.7,Dalvin Cook's Ankle,0,2020,14,14
807,5ff7dac2c8ee41edffd6188a,Brad,101.84,Pollard Greens,Kindy,137.56,Enthusiasm is Contagious!,2,2020,17,17
808,5ff7dac2c8ee41edffd6187e,Brando,71.14,Rise Up?,Sendzik,94.44,Sal tier,2,2020,15,15
809,5ff7dac2c8ee41edffd61877,Frank,76.32,DR. SQUANCH,Fonti,109.46,MR. TWO TIME! MR. TWO TIME!,0,2020,14,14
810,5ff7dac2c8ee41edffd61884,Sendzik,107.1,Sal tier,Kindy,118.02,Enthusiasm is Contagious!,2,2020,16,16
811,5ff7dac2c8ee41edffd61879,Bye,0.0,Bye,Tarpey,93.34,Tarpey's Fall Guys,1,2020,15,15
812,5ff7dac2c8ee41edffd61888,Frank,73.96,DR. SQUANCH,Charles,128.14,Fear Boners,1,2020,17,17
813,5ff7dac2c8ee41edffd6186f,Frank,90.2,DR. SQUANCH,Conti,82.42,VA Beach Warriors,0,2020,13,13
814,5ff7dac2c8ee41edffd6187f,Tommy,95.72,The Horsegasms,Brad,102.76,Tim PaTricks of the Trade,2,2020,15,15
815,5ff7dac2c8ee41edffd6187a,Bye,0.0,Bye,Charles,96.46,Fear Boners,1,2020,15,15
816,5ff7dac2c8ee41edffd61889,Conti,94.2,VA Beach Warriors,Tarpey,81.58,Tarpey's Fall Guys,2,2020,17,17
817,5ff7dac2c8ee41edffd6187d,Kindy,106.3,Enthusiasm is Contagious!,Fonti,90.22,MR. TWO TIME! MR. TWO TIME!,2,2020,15,15
818,5ff7dac2c8ee41edffd6186a,Samik,75.82,Brady's Balls Brigade,Charles,130.42,Fear Boners,0,2020,12,12
819,5ff7dac2c8ee41edffd61872,Brando,59.34,Rise Up?,Tarpey,66.36,Tarpey's Fall Guys,0,2020,14,14
820,5ff7dac2c8ee41edffd61881,Frank,92.5,DR. SQUANCH,Tarpey,71.08,Tarpey's Fall Guys,1,2020,16,16
821,5ff7dac2c8ee41edffd6188b,Sendzik,112.5,Sal tier,Samik,117.2,Brady's Balls Brigade,2,2020,17,17
