,_id,columns,data,playoff,season
0,5fff9bff20dd182228261545,"['division', 'nick_name', 'win_total', 'loss_total', 'tie_total', 'games_played', 'win_pct', 'points_for', 'points_against', 'avg_margin', 'division_rank', 'playoff_seed']","[['West Whatever', 'Christian', 10, 2, 1, 13, 0.8076923077, 1311, 907, 31.0769230769, 1.0, 1.0], ['East Coast Bias', 'Brando', 10, 2, 1, 13, 0.8076923077, 1155, 881, 21.0769230769, 1.0, 2.0], ['East Coast Bias', 'Tarpey', 10, 3, 0, 13, 0.7692307692, 1208, 905, 23.3076923077, 2.0, 3.0], ['West Whatever', 'Neel', 9, 4, 0, 13, 0.6923076923, 1210, 866, 26.4615384615, 2.0, 4.0], ['East Coast Bias', 'Mildred', 6, 7, 0, 13, 0.4615384615, 931, 1065, -10.3076923077, 3.0, 5.0], ['East Coast Bias', 'Danny', 6, 7, 0, 13, 0.4615384615, 1170, 1070, 7.6923076923, 4.0, 6.0], ['West Whatever', 'Tommy', 5, 8, 0, 13, 0.3846153846, 894, 1070, -13.5384615385, 3.0, 7.0], ['West Whatever', 'Debbie', 5, 8, 0, 13, 0.3846153846, 1088, 1039, 3.7692307692, 4.0, 8.0], ['East Coast Bias', 'Hardy', 3, 10, 0, 13, 0.2307692308, 858, 1064, -15.8461538462, 5.0, 9.0], ['West Whatever', 'Bryant', 0, 13, 0, 13, 0.0, 42, 1000, -73.6923076923, 5.0, 10.0]]",0,2013
1,5fff9bff20dd182228261547,"['division', 'nick_name', 'win_total', 'loss_total', 'tie_total', 'games_played', 'win_pct', 'points_for', 'points_against', 'avg_margin', 'playoff_rank']","[['East Coast Bias', 'Tarpey', 2, 0, 0, 2, 1.0, 226.5, 188.5, 19.0, 1], ['West Whatever', 'Christian', 1, 1, 0, 2, 0.5, 213.0, 219.5, -3.25, 2], ['West Whatever', 'Neel', 0, 1, 0, 1, 0.0, 102.0, 131.5, -29.5, 3], ['East Coast Bias', 'Brando', 0, 1, 0, 1, 0.0, 107.0, 109.0, -2.0, 4]]",1,2013
2,5fff9c0020dd182228261549,"['division', 'nick_name', 'win_total', 'loss_total', 'tie_total', 'games_played', 'win_pct', 'points_for', 'points_against', 'avg_margin', 'playoff_rank']","[['West Whatever', 'Neel', 1, 0, 0, 1, 1.0, 79.5, 74.0, 5.5, 3], ['East Coast Bias', 'Brando', 0, 1, 0, 1, 0.0, 74.0, 79.5, -5.5, 4], ['West Whatever', 'Debbie', 3, 0, 0, 3, 1.0, 267.5, 217.5, 16.6666666667, 5], ['East Coast Bias', 'Danny', 1, 1, 0, 2, 0.5, 142.5, 168.0, -12.75, 6], ['East Coast Bias', 'Mildred', 1, 1, 0, 2, 0.5, 133.0, 128.0, 2.5, 7], ['East Coast Bias', 'Hardy', 0, 1, 0, 1, 0.0, 51.0, 67.5, -16.5, 8], ['West Whatever', 'Tommy', 1, 2, 0, 3, 0.3333333333, 238.5, 167.0, 23.8333333333, 9], ['West Whatever', 'Bryant', 0, 1, 0, 1, 0.0, 2.0, 86.5, -84.5, 10]]",2,2013
3,5fff9c0020dd18222826154b,"['division', 'nick_name', 'win_total', 'loss_total', 'tie_total', 'games_played', 'win_pct', 'points_for', 'points_against', 'avg_margin', 'division_rank', 'playoff_seed']","[['East Coast Bias', 'Kindy', 10, 3, 0, 13, 0.7692307692, 1125, 893, 17.8461538462, 1.0, 1.0], ['West Whatever', 'Brando', 10, 3, 0, 13, 0.7692307692, 1240, 1028, 16.3076923077, 1.0, 2.0], ['East Coast Bias', 'Sendzik', 10, 3, 0, 13, 0.7692307692, 1062, 915, 11.3076923077, 2.0, 3.0], ['East Coast Bias', 'Samik', 10, 3, 0, 13, 0.7692307692, 1219, 1181, 2.9230769231, 3.0, 4.0], ['East Coast Bias', 'Tarpey', 7, 5, 1, 13, 0.5769230769, 1239, 1131, 8.3076923077, 4.0, 5.0], ['West Whatever', 'Mildred', 7, 6, 0, 13, 0.5384615385, 1053, 1036, 1.3076923077, 2.0, 6.0], ['West Whatever', 'Ben', 6, 6, 1, 13, 0.5, 1186, 1091, 7.3076923077, 3.0, 7.0], ['East Coast Bias', 'Stephanie', 5, 7, 1, 13, 0.4230769231, 1090, 1248, -12.1538461538, 5.0, 8.0], ['West Whatever', 'Conti', 4, 9, 0, 13, 0.3076923077, 1085, 1189, -8.0, 4.0, 9.0], ['West Whatever', 'Debski', 3, 10, 0, 13, 0.2307692308, 1157, 1230, -5.6153846154, 5.0, 10.0], ['West Whatever', 'Arthur', 2, 10, 1, 13, 0.1923076923, 986, 1223, -18.2307692308, 6.0, 11.0], ['East Coast Bias', 'Tommy', 2, 11, 0, 13, 0.1538461538, 846, 1123, -21.3076923077, 6.0, 12.0]]",0,2014
4,5fff9c0120dd18222826154d,"['division', 'nick_name', 'win_total', 'loss_total', 'tie_total', 'games_played', 'win_pct', 'points_for', 'points_against', 'avg_margin', 'playoff_rank']","[['West Whatever', 'Brando', 2, 0, 0, 2, 1.0, 206.5, 173.0, 16.75, 1], ['East Coast Bias', 'Kindy', 1, 1, 0, 2, 0.5, 161.0, 174.5, -6.75, 2], ['East Coast Bias', 'Sendzik', 0, 1, 0, 1, 0.0, 97.5, 111.5, -14.0, 3], ['East Coast Bias', 'Samik', 0, 1, 0, 1, 0.0, 79.5, 85.5, -6.0, 4]]",1,2014
5,5fff9c0120dd18222826154f,"['division', 'nick_name', 'win_total', 'loss_total', 'tie_total', 'games_played', 'win_pct', 'points_for', 'points_against', 'avg_margin', 'playoff_rank']","[['East Coast Bias', 'Sendzik', 1, 0, 0, 1, 1.0, 74.0, 67.0, 7.0, 3], ['East Coast Bias', 'Samik', 0, 1, 0, 1, 0.0, 67.0, 74.0, -7.0, 4], ['East Coast Bias', 'Stephanie', 2, 0, 0, 2, 1.0, 205.0, 174.5, 15.25, 5], ['East Coast Bias', 'Tarpey', 1, 1, 0, 2, 0.5, 157.5, 170.5, -6.5, 6], ['West Whatever', 'Debski', 2, 0, 0, 2, 1.0, 181.5, 141.0, 20.25, 7], ['West Whatever', 'Mildred', 0, 2, 0, 2, 0.0, 141.5, 166.5, -12.5, 8], ['West Whatever', 'Ben', 1, 1, 0, 2, 0.5, 179.0, 180.5, -0.75, 9], ['West Whatever', 'Arthur', 1, 1, 0, 2, 0.5, 140.0, 123.0, 8.5, 10], ['East Coast Bias', 'Tommy', 1, 1, 0, 2, 0.5, 104.5, 117.5, -6.5, 11], ['West Whatever', 'Conti', 0, 2, 0, 2, 0.0, 123.0, 158.5, -17.75, 12]]",2,2014
6,5fff9c0220dd182228261551,"['division', 'nick_name', 'win_total', 'loss_total', 'tie_total', 'games_played', 'win_pct', 'points_for', 'points_against', 'avg_margin', 'division_rank', 'playoff_seed']","[['West Whatever', 'Fonti', 11, 2, 0, 13, 0.8461538462, 1165, 984, 13.9230769231, 1.0, 1.0], ['East Coast Bias', 'Conti', 7, 5, 1, 13, 0.5769230769, 1078, 1078, 0.0, 1.0, 2.0], ['West Whatever', 'Samik', 10, 3, 0, 13, 0.7692307692, 1267, 948, 24.5384615385, 2.0, 3.0], ['West Whatever', 'Frank', 8, 5, 0, 13, 0.6153846154, 1126, 1025, 7.7692307692, 3.0, 4.0], ['East Coast Bias', 'Brando', 7, 6, 0, 13, 0.5384615385, 1091, 1069, 1.6923076923, 2.0, 5.0], ['East Coast Bias', 'Ben', 7, 6, 0, 13, 0.5384615385, 1111, 1124, -1.0, 3.0, 6.0], ['East Coast Bias', 'Kindy', 6, 6, 1, 13, 0.5, 1010, 1053, -3.3076923077, 4.0, 7.0], ['East Coast Bias', 'mballen', 6, 7, 0, 13, 0.4615384615, 1072, 1001, 5.4615384615, 5.0, 8.0], ['West Whatever', 'Mildred', 6, 7, 0, 13, 0.4615384615, 919, 928, -0.6923076923, 4.0, 9.0], ['West Whatever', 'Sendzik', 6, 7, 0, 13, 0.4615384615, 1141, 1113, 2.1538461538, 5.0, 10.0], ['West Whatever', 'Debski', 5, 8, 0, 13, 0.3846153846, 1182, 1213, -2.3846153846, 6.0, 11.0], ['West Whatever', 'Tommy', 5, 8, 0, 13, 0.3846153846, 943, 1135, -14.7692307692, 7.0, 12.0], ['East Coast Bias', 'Patrick', 3, 10, 0, 13, 0.2307692308, 939, 1065, -9.6923076923, 6.0, 13.0], ['East Coast Bias', 'Tarpey', 3, 10, 0, 13, 0.2307692308, 760, 1068, -23.6923076923, 7.0, 14.0]]",0,2015
7,5fff9c0220dd182228261553,"['division', 'nick_name', 'win_total', 'loss_total', 'tie_total', 'games_played', 'win_pct', 'points_for', 'points_against', 'avg_margin', 'playoff_rank']","[['West Whatever', 'Fonti', 2, 0, 0, 2, 1.0, 181.0, 138.0, 21.5, 1], ['West Whatever', 'Samik', 1, 1, 0, 2, 0.5, 148.0, 159.5, -5.75, 2], ['East Coast Bias', 'Conti', 0, 1, 0, 1, 0.0, 88.0, 96.5, -8.5, 3], ['West Whatever', 'Frank', 0, 1, 0, 1, 0.0, 86.5, 109.5, -23.0, 4]]",1,2015
8,5fff9c0320dd182228261555,"['division', 'nick_name', 'win_total', 'loss_total', 'tie_total', 'games_played', 'win_pct', 'points_for', 'points_against', 'avg_margin', 'playoff_rank']","[['East Coast Bias', 'Conti', 1, 0, 0, 1, 1.0, 97.0, 94.5, 2.5, 3], ['West Whatever', 'Frank', 0, 1, 0, 1, 0.0, 94.5, 97.0, -2.5, 4], ['East Coast Bias', 'Brando', 2, 0, 0, 2, 1.0, 160.0, 146.5, 6.75, 5], ['West Whatever', 'Sendzik', 1, 1, 0, 2, 0.5, 189.0, 149.5, 19.75, 6], ['West Whatever', 'Mildred', 2, 0, 0, 2, 1.0, 212.5, 99.0, 56.75, 7], ['East Coast Bias', 'Ben', 0, 2, 0, 2, 0.0, 116.0, 163.0, -23.5, 8], ['West Whatever', 'Debski', 2, 0, 0, 2, 1.0, 170.5, 124.0, 23.25, 9], ['East Coast Bias', 'Kindy', 0, 2, 0, 2, 0.0, 125.5, 199.0, -36.75, 10], ['East Coast Bias', 'mballen', 1, 1, 0, 2, 0.5, 144.0, 196.0, -26.0, 11], ['East Coast Bias', 'Tarpey', 1, 1, 0, 2, 0.5, 144.0, 158.5, -7.25, 12], ['East Coast Bias', 'Patrick', 1, 1, 0, 2, 0.5, 127.0, 111.0, 8.0, 13], ['West Whatever', 'Tommy', 0, 2, 0, 2, 0.0, 101.5, 143.5, -21.0, 14]]",2,2015
9,5fff9c0320dd182228261557,"['division', 'nick_name', 'win_total', 'loss_total', 'tie_total', 'games_played', 'win_pct', 'points_for', 'points_against', 'avg_margin', 'division_rank', 'playoff_seed']","[['East Coast Bias', 'Frank', 11, 2, 0, 13, 0.8461538462, 1400.64, 1160.0, 18.5107692308, 1.0, 1.0], ['West Whatever', 'Samik', 9, 4, 0, 13, 0.6923076923, 1408.28, 1250.74, 12.1184615385, 1.0, 2.0], ['West Whatever', 'Conti', 9, 4, 0, 13, 0.6923076923, 1354.28, 1220.46, 10.2938461538, 2.0, 3.0], ['West Whatever', 'Brando', 9, 4, 0, 13, 0.6923076923, 1305.28, 1040.5, 20.3676923077, 3.0, 4.0], ['East Coast Bias', 'Fonti', 8, 5, 0, 13, 0.6153846154, 1153.76, 994.0, 12.2892307692, 2.0, 5.0], ['East Coast Bias', 'Ben', 6, 7, 0, 13, 0.4615384615, 1096.36, 1121.44, -1.9292307692, 3.0, 6.0], ['West Whatever', 'Sendzik', 6, 7, 0, 13, 0.4615384615, 1079.92, 1233.1, -11.7830769231, 4.0, 7.0], ['West Whatever', 'mballen', 5, 8, 0, 13, 0.3846153846, 1100.6, 1238.24, -10.5876923077, 5.0, 8.0], ['East Coast Bias', 'Kindy', 5, 8, 0, 13, 0.3846153846, 1096.48, 1222.74, -9.7123076923, 4.0, 9.0], ['East Coast Bias', 'Mildred', 4, 9, 0, 13, 0.3076923077, 1088.8, 1247.96, -12.2430769231, 5.0, 10.0], ['East Coast Bias', 'Tommy', 4, 9, 0, 13, 0.3076923077, 1062.32, 1246.28, -14.1507692308, 6.0, 11.0], ['West Whatever', 'Tarpey', 2, 11, 0, 13, 0.1538461538, 1073.04, 1244.3, -13.1738461538, 6.0, 12.0]]",0,2016
10,5fff9c0420dd182228261559,"['division', 'nick_name', 'win_total', 'loss_total', 'tie_total', 'games_played', 'win_pct', 'points_for', 'points_against', 'avg_margin', 'playoff_rank']","[['East Coast Bias', 'Frank', 2, 0, 0, 2, 1.0, 206.07, 181.59, 12.24, 1], ['West Whatever', 'Conti', 1, 1, 0, 2, 0.5, 192.1, 148.41, 21.845, 2], ['West Whatever', 'Brando', 0, 1, 0, 1, 0.0, 94.16, 113.73, -19.57, 3], ['West Whatever', 'Samik', 0, 1, 0, 1, 0.0, 56.07, 104.67, -48.6, 4]]",1,2016
11,5fff9c0420dd18222826155b,"['division', 'nick_name', 'win_total', 'loss_total', 'tie_total', 'games_played', 'win_pct', 'points_for', 'points_against', 'avg_margin', 'playoff_rank']","[['West Whatever', 'Brando', 1, 0, 0, 1, 1.0, 95.7, 80.48, 15.22, 3], ['West Whatever', 'Samik', 0, 1, 0, 1, 0.0, 80.48, 95.7, -15.22, 4], ['West Whatever', 'mballen', 2, 0, 0, 2, 1.0, 181.86, 161.1, 10.38, 5], ['East Coast Bias', 'Ben', 1, 1, 0, 2, 0.5, 148.8, 146.6, 1.1, 6], ['East Coast Bias', 'Fonti', 1, 1, 0, 2, 0.5, 159.19, 165.81, -3.31, 7], ['East Coast Bias', 'Kindy', 1, 1, 0, 2, 0.5, 179.29, 178.11, 0.59, 8], ['West Whatever', 'Sendzik', 1, 1, 0, 2, 0.5, 185.27, 152.97, 16.15, 9], ['East Coast Bias', 'Tommy', 1, 1, 0, 2, 0.5, 126.3, 164.69, -19.195, 10], ['East Coast Bias', 'Mildred', 1, 1, 0, 2, 0.5, 178.42, 165.91, 6.255, 11], ['West Whatever', 'Tarpey', 0, 2, 0, 2, 0.0, 144.15, 168.09, -11.97, 12]]",2,2016
12,5fff9c0520dd18222826155d,"['division', 'nick_name', 'win_total', 'loss_total', 'tie_total', 'games_played', 'win_pct', 'points_for', 'points_against', 'avg_margin', 'division_rank', 'playoff_seed']","[['Champions', 'Fonti', 11, 2, 0, 13, 0.8461538462, 1298.38, 1000.3, 22.9292307692, 1.0, 1.0], ['AFC East', 'Sendzik', 8, 5, 0, 13, 0.6153846154, 1066.08, 1012.16, 4.1476923077, 1.0, 2.0], ['Referees', 'Charles', 8, 5, 0, 13, 0.6153846154, 1226.78, 1108.96, 9.0630769231, 1.0, 3.0], ['Champions', 'Brando', 8, 5, 0, 13, 0.6153846154, 999.34, 1020.16, -1.6015384615, 2.0, 4.0], ['AFC East', 'Samik', 7, 6, 0, 13, 0.5384615385, 1154.18, 1052.14, 7.8492307692, 2.0, 5.0], ['Referees', 'mballen', 7, 6, 0, 13, 0.5384615385, 1131.98, 1117.82, 1.0892307692, 2.0, 6.0], ['AFC East', 'Conti', 7, 6, 0, 13, 0.5384615385, 1198.32, 1155.7, 3.2784615385, 3.0, 7.0], ['AFC East', 'Jake', 7, 6, 0, 13, 0.5384615385, 1125.76, 1042.52, 6.4030769231, 4.0, 8.0], ['Champions', 'Frank', 6, 7, 0, 13, 0.4615384615, 1080.66, 1034.04, 3.5861538462, 3.0, 9.0], ['Champions', 'Tarpey', 5, 8, 0, 13, 0.3846153846, 924.14, 1135.58, -16.2646153846, 4.0, 10.0], ['Referees', 'Tommy', 5, 8, 0, 13, 0.3846153846, 1113.32, 1123.86, -0.8107692308, 3.0, 11.0], ['Referees', 'Ben', 5, 8, 0, 13, 0.3846153846, 1035.1, 1121.86, -6.6738461538, 4.0, 12.0], ['AFC East', 'Kindy', 4, 9, 0, 13, 0.3076923077, 1024.12, 1130.7, -8.1984615385, 5.0, 13.0], ['Referees', 'Mildred', 3, 10, 0, 13, 0.2307692308, 877.62, 1199.98, -24.7969230769, 5.0, 14.0]]",0,2017
13,5fff9c0520dd18222826155f,"['division', 'nick_name', 'win_total', 'loss_total', 'tie_total', 'games_played', 'win_pct', 'points_for', 'points_against', 'avg_margin', 'playoff_rank']","[['Champions', 'Fonti', 2, 0, 0, 2, 1.0, 209.67, 141.66, 34.005, 1], ['Referees', 'Charles', 1, 1, 0, 2, 0.5, 188.81, 198.75, -4.97, 2], ['AFC East', 'Sendzik', 0, 1, 0, 1, 0.0, 99.41, 102.26, -2.85, 3], ['Champions', 'Brando', 0, 1, 0, 1, 0.0, 55.11, 110.33, -55.22, 4]]",1,2017
14,5fff9c0620dd182228261561,"['division', 'nick_name', 'win_total', 'loss_total', 'tie_total', 'games_played', 'win_pct', 'points_for', 'points_against', 'avg_margin', 'playoff_rank']","[['AFC East', 'Sendzik', 1, 0, 0, 1, 1.0, 86.39, 62.2, 24.19, 3], ['Champions', 'Brando', 0, 1, 0, 1, 0.0, 62.2, 86.39, -24.19, 4], ['Referees', 'mballen', 2, 0, 0, 2, 1.0, 200.53, 139.85, 30.34, 5], ['AFC East', 'Conti', 1, 1, 0, 2, 0.5, 182.54, 162.07, 10.235, 6], ['Champions', 'Tarpey', 2, 0, 0, 2, 1.0, 199.04, 165.08, 16.98, 7], ['AFC East', 'Samik', 0, 2, 0, 2, 0.0, 143.3, 220.13, -38.415, 8], ['AFC East', 'Jake', 1, 1, 0, 2, 0.5, 148.53, 167.07, -9.27, 9], ['Referees', 'Ben', 1, 1, 0, 2, 0.5, 140.35, 138.34, 1.005, 10], ['Champions', 'Frank', 1, 1, 0, 2, 0.5, 170.81, 173.12, -1.155, 11], ['AFC East', 'Kindy', 1, 1, 0, 2, 0.5, 177.72, 133.5, 22.11, 12], ['Referees', 'Tommy', 1, 1, 0, 2, 0.5, 145.01, 136.25, 4.38, 13], ['Referees', 'Mildred', 0, 2, 0, 2, 0.0, 104.75, 177.17, -36.21, 14]]",2,2017
15,5fff9c0620dd182228261563,"['division', 'nick_name', 'win_total', 'loss_total', 'tie_total', 'games_played', 'win_pct', 'points_for', 'points_against', 'avg_margin', 'division_rank', 'playoff_seed']","[['AFC East', 'Samik', 12, 2, 0, 14, 0.8571428571, 1634.92, 1216.16, 29.9114285714, 1.0, 1.0], ['Champions', 'Tarpey', 11, 3, 0, 14, 0.7857142857, 1582.72, 1256.96, 23.2685714286, 1.0, 2.0], ['Referees', 'Charles', 10, 4, 0, 14, 0.7142857143, 1486.58, 1094.64, 27.9957142857, 1.0, 3.0], ['Referees', 'mballen', 10, 4, 0, 14, 0.7142857143, 1226.04, 1059.52, 11.8942857143, 2.0, 4.0], ['AFC East', 'Sendzik', 9, 5, 0, 14, 0.6428571429, 1132.8, 1224.22, -6.53, 2.0, 5.0], ['AFC East', 'Conti', 7, 7, 0, 14, 0.5, 1327.14, 1307.4, 1.41, 3.0, 6.0], ['Referees', 'Tommy', 7, 7, 0, 14, 0.5, 1109.0, 1189.0, -5.7142857143, 3.0, 7.0], ['Champions', 'Brando', 7, 7, 0, 14, 0.5, 1356.24, 1260.72, 6.8228571429, 2.0, 8.0], ['Champions', 'Frank', 7, 7, 0, 14, 0.5, 1303.08, 1181.22, 8.7042857143, 3.0, 9.0], ['AFC East', 'Kindy', 6, 8, 0, 14, 0.4285714286, 1296.32, 1309.94, -0.9728571429, 4.0, 10.0], ['Champions', 'Fonti', 6, 8, 0, 14, 0.4285714286, 1163.3, 1276.52, -8.0871428571, 4.0, 11.0], ['Referees', 'Ben', 4, 10, 0, 14, 0.2857142857, 850.02, 1188.96, -24.21, 4.0, 12.0], ['AFC East', 'Jake', 2, 12, 0, 14, 0.1428571429, 1022.18, 1283.08, -18.6357142857, 5.0, 13.0], ['Referees', 'Mildred', 0, 14, 0, 14, 0.0, 647.46, 1289.46, -45.8571428571, 5.0, 14.0]]",0,2018
16,5fff9c0720dd182228261565,"['division', 'nick_name', 'win_total', 'loss_total', 'tie_total', 'games_played', 'win_pct', 'points_for', 'points_against', 'avg_margin', 'playoff_rank']","[['Champions', 'Tarpey', 3, 0, 0, 3, 1.0, 332.88, 183.28, 49.8666666667, 1], ['AFC East', 'Conti', 2, 1, 0, 3, 0.6666666667, 281.82, 307.18, -8.4533333333, 2], ['AFC East', 'Sendzik', 1, 1, 0, 2, 0.5, 210.12, 195.96, 7.08, 3], ['AFC East', 'Samik', 1, 1, 0, 2, 0.5, 182.82, 112.56, 35.13, 4], ['Referees', 'mballen', 0, 1, 0, 1, 0.0, 95.94, 126.74, -30.8, 5], ['Referees', 'Charles', 0, 1, 0, 1, 0.0, 64.82, 69.36, -4.54, 6]]",1,2018
17,5fff9c0720dd182228261567,"['division', 'nick_name', 'win_total', 'loss_total', 'tie_total', 'games_played', 'win_pct', 'points_for', 'points_against', 'avg_margin', 'playoff_rank']","[['AFC East', 'Sendzik', 1, 0, 0, 1, 1.0, 113.56, 70.18, 43.38, 3], ['AFC East', 'Samik', 0, 1, 0, 1, 0.0, 70.18, 113.56, -43.38, 4], ['Referees', 'mballen', 1, 0, 0, 1, 1.0, 88.47, 75.87, 12.6, 5], ['Referees', 'Charles', 0, 1, 0, 1, 0.0, 75.87, 88.47, -12.6, 6], ['Champions', 'Frank', 3, 0, 0, 3, 1.0, 274.26, 203.6, 23.5533333333, 7], ['Champions', 'Brando', 2, 1, 0, 3, 0.6666666667, 283.02, 264.92, 6.0333333333, 8], ['Champions', 'Fonti', 2, 1, 0, 3, 0.6666666667, 233.44, 192.76, 13.56, 9], ['AFC East', 'Kindy', 2, 1, 0, 3, 0.6666666667, 195.68, 143.16, 17.5066666667, 10], ['AFC East', 'Jake', 1, 2, 0, 3, 0.3333333333, 242.92, 256.46, -4.5133333333, 11], ['Referees', 'Tommy', 1, 2, 0, 3, 0.3333333333, 222.06, 222.26, -0.0666666667, 12], ['Referees', 'Mildred', 1, 2, 0, 3, 0.3333333333, 109.8, 161.16, -17.12, 13], ['Referees', 'Ben', 0, 3, 0, 3, 0.0, 102.0, 218.86, -38.9533333333, 14]]",2,2018
18,5fff9c0820dd182228261569,"['division', 'nick_name', 'win_total', 'loss_total', 'tie_total', 'games_played', 'win_pct', 'points_for', 'points_against', 'avg_margin', 'division_rank', 'playoff_seed']","[['AFC East', 'Sendzik', 10, 4, 0, 14, 0.7142857143, 1421.96, 1208.46, 15.25, 1.0, 1.0], ['Champions', 'Frank', 10, 4, 0, 14, 0.7142857143, 1315.18, 1044.26, 19.3514285714, 1.0, 2.0], ['Referees', 'Mildred', 9, 5, 0, 14, 0.6428571429, 1223.5, 1134.88, 6.33, 1.0, 3.0], ['AFC East', 'Jake', 9, 5, 0, 14, 0.6428571429, 1378.8, 1204.0, 12.4857142857, 2.0, 4.0], ['Champions', 'Tarpey', 9, 5, 0, 14, 0.6428571429, 1265.12, 1159.78, 7.5242857143, 2.0, 5.0], ['AFC East', 'Conti', 8, 6, 0, 14, 0.5714285714, 1445.82, 1448.04, -0.1585714286, 3.0, 6.0], ['Referees', 'Charles', 7, 7, 0, 14, 0.5, 1172.72, 1172.52, 0.0142857143, 2.0, 7.0], ['Referees', 'Brad', 7, 7, 0, 14, 0.5, 1293.88, 1399.46, -7.5414285714, 3.0, 8.0], ['Referees', 'mballen', 7, 7, 0, 14, 0.5, 1222.02, 1175.22, 3.3428571429, 4.0, 9.0], ['Champions', 'Brando', 6, 8, 0, 14, 0.4285714286, 1148.4, 1236.34, -6.2814285714, 3.0, 10.0], ['AFC East', 'Kindy', 5, 9, 0, 14, 0.3571428571, 1176.14, 1387.46, -15.0942857143, 4.0, 11.0], ['AFC East', 'Samik', 5, 9, 0, 14, 0.3571428571, 1166.84, 1342.74, -12.5642857143, 5.0, 12.0], ['Referees', 'Tommy', 3, 11, 0, 14, 0.2142857143, 1151.1, 1281.56, -9.3185714286, 5.0, 13.0], ['Champions', 'Fonti', 3, 11, 0, 14, 0.2142857143, 1077.82, 1264.58, -13.34, 4.0, 14.0]]",0,2019
19,5fff9c0820dd18222826156b,"['division', 'nick_name', 'win_total', 'loss_total', 'tie_total', 'games_played', 'win_pct', 'points_for', 'points_against', 'avg_margin', 'playoff_rank']","[['AFC East', 'Sendzik', 3, 0, 0, 3, 1.0, 266.9, 139.08, 42.6066666667, 1], ['Champions', 'Frank', 2, 1, 0, 3, 0.6666666667, 276.08, 168.02, 36.02, 2], ['AFC East', 'Conti', 1, 1, 0, 2, 0.5, 190.78, 136.26, 27.26, 3], ['Champions', 'Tarpey', 1, 1, 0, 2, 0.5, 195.4, 209.38, -6.99, 4], ['Referees', 'Mildred', 0, 1, 0, 1, 0.0, 55.22, 122.32, -67.1, 5], ['AFC East', 'Jake', 0, 1, 0, 1, 0.0, 109.22, 123.14, -13.92, 6]]",1,2019
20,5fff9c0920dd18222826156d,"['division', 'nick_name', 'win_total', 'loss_total', 'tie_total', 'games_played', 'win_pct', 'points_for', 'points_against', 'avg_margin', 'playoff_rank']","[['AFC East', 'Conti', 1, 0, 0, 1, 1.0, 94.42, 86.22, 8.2, 3], ['Champions', 'Tarpey', 0, 1, 0, 1, 0.0, 86.22, 94.42, -8.2, 4], ['Referees', 'Mildred', 1, 0, 0, 1, 1.0, 97.43, 77.87, 19.56, 5], ['AFC East', 'Jake', 0, 1, 0, 1, 0.0, 77.87, 97.43, -19.56, 6], ['Champions', 'Brando', 3, 0, 0, 3, 1.0, 366.94, 257.66, 36.4266666667, 7], ['Champions', 'Fonti', 2, 1, 0, 3, 0.6666666667, 261.4, 229.04, 10.7866666667, 8], ['Referees', 'Brad', 2, 1, 0, 3, 0.6666666667, 356.02, 293.88, 20.7133333333, 9], ['AFC East', 'Kindy', 1, 2, 0, 3, 0.3333333333, 225.44, 268.86, -14.4733333333, 10], ['Referees', 'Tommy', 2, 1, 0, 3, 0.6666666667, 289.16, 296.98, -2.6066666667, 11], ['Referees', 'mballen', 1, 2, 0, 3, 0.3333333333, 290.56, 310.38, -6.6066666667, 12], ['Referees', 'Charles', 1, 2, 0, 3, 0.3333333333, 205.18, 274.18, -23.0, 13], ['AFC East', 'Samik', 0, 3, 0, 3, 0.0, 189.7, 253.42, -21.24, 14]]",2,2019
21,5fff9c0920dd18222826156f,"['division', 'nick_name', 'win_total', 'loss_total', 'tie_total', 'games_played', 'win_pct', 'points_for', 'points_against', 'avg_margin', 'division_rank', 'playoff_seed']","[['Division 6', 'Tarpey', 10, 4, 0, 14, 0.7142857143, 1269.9, 1174.18, 6.8371428571, 1.0, 1.0], ['Referees', 'Charles', 9, 5, 0, 14, 0.6428571429, 1378.38, 1153.3, 16.0771428571, 1.0, 2.0], ['AFC East', 'Conti', 9, 5, 0, 14, 0.6428571429, 1312.64, 1129.38, 13.09, 1.0, 3.0], ['Division 6', 'Frank', 9, 5, 0, 14, 0.6428571429, 1404.92, 1164.92, 17.1428571429, 2.0, 4.0], ['Referees', 'mballen', 9, 5, 0, 14, 0.6428571429, 1244.24, 1181.46, 4.4842857143, 2.0, 5.0], ['AFC East', 'Jake', 8, 6, 0, 14, 0.5714285714, 1183.22, 1339.42, -11.1571428571, 2.0, 6.0], ['Division 6', 'Fonti', 8, 6, 0, 14, 0.5714285714, 1388.28, 1270.08, 8.4428571429, 3.0, 7.0], ['AFC East', 'Kindy', 7, 7, 0, 14, 0.5, 1339.96, 1321.74, 1.3014285714, 3.0, 8.0], ['AFC East', 'Sendzik', 7, 7, 0, 14, 0.5, 1372.52, 1239.64, 9.4914285714, 4.0, 9.0], ['Division 6', 'Brando', 6, 8, 0, 14, 0.4285714286, 1175.22, 1279.26, -7.4314285714, 4.0, 10.0], ['Referees', 'Brad', 6, 8, 0, 14, 0.4285714286, 1202.5, 1249.4, -3.35, 3.0, 11.0], ['Referees', 'Tommy', 4, 10, 0, 14, 0.2857142857, 1052.36, 1268.02, -15.4042857143, 4.0, 12.0], ['AFC East', 'Samik', 4, 10, 0, 14, 0.2857142857, 1183.26, 1393.14, -14.9914285714, 5.0, 13.0], ['Referees', 'Mildred', 2, 12, 0, 14, 0.1428571429, 962.5, 1305.96, -24.5328571429, 5.0, 14.0]]",0,2020
22,5fff9c0a20dd182228261571,"['division', 'nick_name', 'win_total', 'loss_total', 'tie_total', 'games_played', 'win_pct', 'points_for', 'points_against', 'avg_margin', 'playoff_rank']","[['Referees', 'Charles', 3, 0, 0, 3, 1.0, 344.54, 164.48, 60.02, 1], ['Division 6', 'Frank', 2, 1, 0, 3, 0.6666666667, 269.52, 282.74, -4.4066666667, 2], ['AFC East', 'Conti', 1, 1, 0, 2, 0.5, 182.88, 197.76, -7.44, 3], ['Division 6', 'Tarpey', 1, 1, 0, 2, 0.5, 164.42, 92.5, 35.96, 4], ['Referees', 'mballen', 0, 1, 0, 1, 0.0, 83.52, 103.06, -19.54, 5], ['AFC East', 'Jake', 0, 1, 0, 1, 0.0, 77.82, 92.36, -14.54, 6]]",1,2020
23,5fff9c0a20dd182228261573,"['division', 'nick_name', 'win_total', 'loss_total', 'tie_total', 'games_played', 'win_pct', 'points_for', 'points_against', 'avg_margin', 'playoff_rank']","[['AFC East', 'Conti', 1, 0, 0, 1, 1.0, 94.2, 81.58, 12.62, 3], ['Division 6', 'Tarpey', 0, 1, 0, 1, 0.0, 81.58, 94.2, -12.62, 4], ['Referees', 'mballen', 1, 0, 0, 1, 1.0, 100.24, 84.47, 15.77, 5], ['AFC East', 'Jake', 0, 1, 0, 1, 0.0, 84.47, 100.24, -15.77, 6], ['AFC East', 'Kindy', 3, 0, 0, 3, 1.0, 361.88, 299.16, 20.9066666667, 7], ['Referees', 'Tommy', 2, 1, 0, 3, 0.6666666667, 335.08, 248.64, 28.8133333333, 8], ['AFC East', 'Samik', 2, 1, 0, 3, 0.6666666667, 322.68, 297.34, 8.4466666667, 9], ['Referees', 'Brad', 2, 1, 0, 3, 0.6666666667, 303.72, 325.94, -7.4066666667, 10], ['AFC East', 'Sendzik', 1, 2, 0, 3, 0.3333333333, 314.04, 306.36, 2.56, 11], ['Referees', 'Mildred', 1, 2, 0, 3, 0.3333333333, 265.76, 278.24, -4.16, 12], ['Division 6', 'Fonti', 1, 2, 0, 3, 0.3333333333, 237.18, 290.38, -17.7333333333, 13], ['Division 6', 'Brando', 0, 3, 0, 3, 0.0, 181.28, 275.56, -31.4266666667, 14]]",2,2020
